{"content":[{"id":"4b5f1f19","settings":{"layout":"full_width","gap":"no","height":"full","column_position":"stretch","content_position":"top","stretch_section":"section-stretched","background_background":"classic","background_image":{"url":"https:\/\/cdn.pixabay.com\/photo\/2020\/04\/17\/12\/49\/barista-5055060_960_720.jpg","id":"","source":"url"},"background_position":"initial","background_ypos":{"unit":"px","size":-160,"sizes":[]},"background_attachment":"scroll","background_repeat":"no-repeat","background_size":"cover","margin":{"unit":"px","top":"20","right":0,"bottom":"0","left":0,"isLinked":false},"padding":{"unit":"px","top":"0","right":"0","bottom":"0","left":"0","isLinked":false}},"elements":[{"id":"743c4c45","settings":{"_column_size":100,"_inline_size":null,"content_position":"top","align":"center"},"elements":[{"id":"5d742aec","settings":{"title":"Serving you with delicacy","header_size":"h1","title_color":"#FFFFFF","typography_typography":"custom","typography_font_family":"Aleo","typography_font_size":{"unit":"px","size":60,"sizes":[]},"typography_font_weight":"600","typography_line_height":{"unit":"em","size":1.6,"sizes":[]},"typography_letter_spacing":{"unit":"px","size":1.8,"sizes":[]},"_margin":{"unit":"px","top":"539","right":"0","bottom":"0","left":"295","isLinked":false},"_padding":{"unit":"px","top":"62","right":"0","bottom":"0","left":"0","isLinked":false},"_animation":"slideInDown"},"elements":[],"isInner":false,"widgetType":"heading","elType":"widget"}],"isInner":false,"elType":"column"}],"isInner":false,"elType":"section"},{"id":"69abd7ba","settings":{"layout":"full_width","structure":"20"},"elements":[{"id":"26043f1f","settings":{"_column_size":50,"_inline_size":null},"elements":[{"id":"579240f2","settings":{"title":"What are we?","title_color":"#545759","typography_typography":"custom","typography_font_family":"Actor","typography_font_size":{"unit":"px","size":55,"sizes":[]},"typography_font_weight":"600","typography_font_style":"normal","_margin":{"unit":"px","top":"100","right":"1","bottom":"1","left":"1","isLinked":false},"_padding":{"unit":"px","top":"0","right":"0","bottom":"0","left":"100","isLinked":false},"_animation":"fadeInDown"},"elements":[],"isInner":false,"widgetType":"heading","elType":"widget"},{"id":"61e8a6fa","settings":{"editor":"<p>We at CB don't only serve you the best food but we also prepare it with the best hand in the country. We have the best cooks all over India from each part of our country to provide you with the authenticity and originality in our dish. Our sole motive is to feed the best in the world. We prepare our food ourselves and deliver ourselves all over India.<\/p>","typography_typography":"custom","typography_font_family":"Times New Roman","typography_font_size":{"unit":"px","size":23,"sizes":[]},"typography_font_weight":"400","_margin":{"unit":"px","top":"00","right":"1","bottom":"1","left":"1","isLinked":false},"_padding":{"unit":"px","top":"0","right":"0","bottom":"0","left":"100","isLinked":false},"_animation":"fadeInUp"},"elements":[],"isInner":false,"widgetType":"text-editor","elType":"widget"}],"isInner":false,"elType":"column"},{"id":"3d9c69d9","settings":{"_column_size":50,"_inline_size":null},"elements":[{"id":"70cad1dd","settings":{"image":{"url":"https:\/\/cdn.pixabay.com\/photo\/2014\/04\/05\/11\/27\/buffet-315691__340.jpg","id":"","source":"url"},"_margin":{"unit":"px","top":"100","right":"0","bottom":"0","left":"100","isLinked":false},"_animation":"fadeInRight","_border_radius":{"unit":"px","top":"0","right":"0","bottom":"0","left":"27","isLinked":false}},"elements":[],"isInner":false,"widgetType":"image","elType":"widget"}],"isInner":false,"elType":"column"}],"isInner":false,"elType":"section"},{"id":"73cb43d0","settings":{"layout":"full_width","margin":{"unit":"px","top":"32","right":0,"bottom":"0","left":0,"isLinked":false}},"elements":[{"id":"1caff5ca","settings":{"_column_size":100,"_inline_size":null,"margin":{"unit":"px","top":"-10","right":"17","bottom":"17","left":"17","isLinked":false}},"elements":[{"id":"34589f0d","settings":{"title":"OUR PROMISE","align":"center","title_color":"#545759","typography_typography":"custom","typography_font_family":"Actor","typography_font_size":{"unit":"px","size":40,"sizes":[]},"typography_font_weight":"600","typography_text_decoration":"underline","typography_line_height":{"unit":"em","size":1.5,"sizes":[]},"typography_letter_spacing":{"unit":"px","size":1.2,"sizes":[]},"blend_mode":"darken"},"elements":[],"isInner":false,"widgetType":"heading","elType":"widget"},{"id":"2157c84e","settings":{"0":"#","1":"6","2":"1","3":"C","4":"E","5":"7","6":"0","carousel":[{"id":350,"url":"http:\/\/localhost\/wordpress\/wp-content\/uploads\/2021\/07\/indian-spices-2.png"},{"id":347,"url":"http:\/\/localhost\/wordpress\/wp-content\/uploads\/2021\/07\/market-selling.jpg"},{"id":348,"url":"http:\/\/localhost\/wordpress\/wp-content\/uploads\/2021\/07\/delivery-boy.jpg"},{"id":351,"url":"http:\/\/localhost\/wordpress\/wp-content\/uploads\/2021\/07\/chef-demo-cooking-saucing-dish.png"}],"thumbnail_size":"large","thumbnail_custom_dimension":{"width":"2000","height":"800"},"slides_to_show":"1","slides_to_scroll":"1","caption_type":"caption","arrows_size":{"unit":"px","size":37,"sizes":[]},"arrows_color":"#562B2B","dots_size":{"unit":"px","size":6,"sizes":[]},"image_border_width":{"unit":"px","top":"-1","right":"0","bottom":"0","left":"0","isLinked":false},"image_border_radius":{"unit":"px","top":"12","right":"7","bottom":"15","left":"11","isLinked":false},"caption_typography_typography":"custom","caption_typography_font_family":"Times New Roman","caption_typography_font_size":{"unit":"px","size":40,"sizes":[]},"caption_typography_text_transform":"capitalize","caption_typography_text_decoration":"overline","caption_typography_line_height":{"unit":"em","size":2.8,"sizes":[]}},"elements":[],"isInner":false,"widgetType":"image-carousel","elType":"widget"}],"isInner":false,"elType":"column"}],"isInner":false,"elType":"section"},{"id":"5b5f140d","settings":{"layout":"full_width","gap":"no","height":"min-height","custom_height":{"unit":"px","size":809,"sizes":[]},"structure":"40","background_background":"classic","background_image":{"url":"http:\/\/localhost\/wordpress\/wp-content\/uploads\/2021\/07\/typing.jpg","id":363,"alt":"","source":"library"},"background_position":"initial","background_ypos":{"unit":"px","size":-207,"sizes":[]},"background_repeat":"no-repeat","background_size":"initial","border_radius":{"unit":"px","top":"0","right":"0","bottom":"0","left":"0","isLinked":false},"box_shadow_box_shadow_type":"yes"},"elements":[{"id":"638bd6d3","settings":{"_column_size":25,"_inline_size":null},"elements":[{"id":"37f65f92","settings":{"title":"Discover<\/br>\n\n your<\/br>\n CBian!!","title_color":"#FFFFFF","typography_typography":"custom","typography_font_family":"Actor","typography_font_size":{"unit":"px","size":94,"sizes":[]},"typography_font_weight":"600","_margin":{"unit":"px","top":"-280","right":"00","bottom":"00","left":"33","isLinked":false}},"elements":[],"isInner":false,"widgetType":"heading","elType":"widget"}],"isInner":false,"elType":"column"},{"id":"69040194","settings":{"_column_size":25,"_inline_size":null},"elements":[{"id":"7d4b5cd3","settings":{"text":"Enter Job Role","align":"center","size":"md","icon_indent":{"unit":"px","size":17,"sizes":[]},"typography_typography":"custom","typography_font_family":"Roboto","typography_font_size":{"unit":"px","size":22,"sizes":[]},"typography_font_weight":"500","background_background":"gradient","background_color":"#61B2CE","background_color_b":"#93AFFB","button_background_hover_background":"gradient","button_background_hover_color":"#2C1919","button_background_hover_color_b":"#045680","hover_animation":"buzz-out","_margin":{"unit":"px","top":"0500","right":"00","bottom":"0","left":"-846","isLinked":false},"_padding":{"unit":"px","top":"0","right":"0","bottom":"0","left":"0","isLinked":false},"background_color_stop":{"unit":"%","size":100,"sizes":[]}},"elements":[],"isInner":false,"widgetType":"button","elType":"widget"}],"isInner":false,"elType":"column"},{"id":"6912f15c","settings":{"_column_size":25,"_inline_size":null},"elements":[{"id":"6cf846ea","settings":{"text":"Choose Job Category","align":"center","size":"md","icon_indent":{"unit":"px","size":17,"sizes":[]},"typography_typography":"custom","typography_font_family":"Roboto","typography_font_size":{"unit":"px","size":22,"sizes":[]},"typography_font_weight":"500","background_background":"gradient","background_color":"#61B2CE","background_color_b":"#93AFFB","button_background_hover_background":"gradient","button_background_hover_color_b":"#045680","button_background_hover_gradient_angle":{"unit":"deg","size":190,"sizes":[]},"hover_animation":"grow","_margin":{"unit":"px","top":"0500","right":"0","bottom":"0","left":"-836","isLinked":false},"background_color_stop":{"unit":"%","size":100,"sizes":[]}},"elements":[],"isInner":false,"widgetType":"button","elType":"widget"}],"isInner":false,"elType":"column"},{"id":"56170062","settings":{"_column_size":25,"_inline_size":null},"elements":[{"id":"1b622c30","settings":{"text":"Choose Job Location","align":"center","size":"md","icon_indent":{"unit":"px","size":17,"sizes":[]},"typography_typography":"custom","typography_font_family":"Roboto","typography_font_size":{"unit":"px","size":21,"sizes":[]},"typography_font_weight":"500","background_background":"gradient","background_color":"#61B2CE","background_color_stop":{"unit":"%","size":100,"sizes":[]},"background_color_b":"#49F3BE","hover_color":"#FFFFFF","button_background_hover_background":"gradient","button_background_hover_color":"#0002057D","button_background_hover_color_b":"#045680","button_background_hover_color_b_stop":{"unit":"%","size":0,"sizes":[]},"hover_animation":"grow","_margin":{"unit":"px","top":"0500","right":"0","bottom":"0","left":"-774","isLinked":false}},"elements":[],"isInner":false,"widgetType":"button","elType":"widget"}],"isInner":false,"elType":"column"}],"isInner":false,"elType":"section"},{"id":"d4f8b29","settings":{"layout":"full_width","margin":{"unit":"px","top":"49","right":0,"bottom":"0","left":0,"isLinked":false},"padding":{"unit":"px","top":"0","right":"0","bottom":"0","left":"50","isLinked":false}},"elements":[{"id":"5b245489","settings":{"_column_size":100,"_inline_size":null},"elements":[{"id":"1c790a66","settings":{"title":"OUR FACES","title_color":"#545759","typography_typography":"custom","typography_font_family":"Actor","typography_font_size":{"unit":"px","size":48,"sizes":[]},"typography_font_weight":"600","typography_text_decoration":"overline","typography_line_height":{"unit":"em","size":1.5,"sizes":[]},"_margin":{"unit":"px","top":"0","right":"0","bottom":"0","left":"36","isLinked":false}},"elements":[],"isInner":false,"widgetType":"heading","elType":"widget"},{"id":"6a5a6bde","settings":{"editor":"<p>Meet the faces that keeps us steady and strong.<\/p>","typography_typography":"custom","typography_font_family":"Roboto","typography_font_size":{"unit":"px","size":23,"sizes":[]},"typography_font_weight":"400","_margin":{"unit":"px","top":"0","right":"0","bottom":"0","left":"40","isLinked":false}},"elements":[],"isInner":false,"widgetType":"text-editor","elType":"widget"}],"isInner":false,"elType":"column"}],"isInner":false,"elType":"section"},{"id":"15619234","settings":{"layout":"full_width","gap":"custom","gap_columns_custom":{"unit":"px","size":34,"sizes":[]},"height":"min-height","custom_height":{"unit":"px","size":434,"sizes":[]},"structure":"30","margin":{"unit":"px","top":"-12","right":0,"bottom":"0","left":0,"isLinked":false}},"elements":[{"id":"22667065","settings":{"_column_size":33,"_inline_size":null},"elements":[{"id":"54569258","settings":{"image":{"url":"http:\/\/localhost\/wordpress\/wp-content\/uploads\/2021\/07\/Ranthobore-pic-e1627727395672.jpeg","id":385,"alt":"","source":"library"},"width":{"unit":"%","size":86,"sizes":[]},"space":{"unit":"%","size":72,"sizes":[]}},"elements":[],"isInner":false,"widgetType":"image","elType":"widget"},{"id":"6d0a82b","settings":{"title_text":"CO FOUNDER","description_text":"Lorem ipsum dolor sit amet, consectetur adipiscing elit. Ut elit tellus, luctus nec ullamcorper mattis, pulvinar dapibus leo.","image_space":{"unit":"px","size":31,"sizes":[]},"image_size":{"unit":"%","size":100,"sizes":[]},"image_border_radius":{"unit":"px","size":32,"sizes":[]},"image":{"url":"","id":"","alt":"","source":"library"},"_margin":{"unit":"px","top":"0","right":"0","bottom":"0","left":"0","isLinked":false},"title_bottom_space":{"unit":"px","size":15,"sizes":[]},"title_color":"#505B60","title_typography_typography":"custom","title_typography_font_family":"Actor","title_typography_font_size":{"unit":"px","size":31,"sizes":[]},"title_typography_font_weight":"600","title_shadow_text_shadow_type":"yes","title_shadow_text_shadow":{"horizontal":0,"vertical":0,"blur":2,"color":"rgba(0,0,0,0.3)"},"description_shadow_text_shadow_type":"yes","description_shadow_text_shadow":{"horizontal":0,"vertical":0,"blur":0,"color":"rgba(0,0,0,0.3)"}},"elements":[],"isInner":false,"widgetType":"image-box","elType":"widget"}],"isInner":false,"elType":"column"},{"id":"5ffb2a1e","settings":{"_column_size":33,"_inline_size":null},"elements":[{"id":"7f61472b","settings":{"width":{"unit":"%","size":88,"sizes":[]},"space":{"unit":"%","size":97,"sizes":[]},"height":{"unit":"px","size":411,"sizes":[]},"image":{"url":"http:\/\/localhost\/wordpress\/wp-content\/uploads\/2021\/07\/testimonial-1.jpg","id":457,"alt":"","source":"library"},"_margin":{"unit":"px","top":"15","right":"0","bottom":"0","left":"0","isLinked":false}},"elements":[],"isInner":false,"widgetType":"image","elType":"widget"},{"id":"7ea76908","settings":{"title_text":"<br>GENERAL MANAGER","description_text":"Lorem ipsum dolor sit amet, consectetur adipiscing elit. Ut elit tellus, luctus nec ullamcorper mattis, pulvinar dapibus leo.","image_space":{"unit":"px","size":31,"sizes":[]},"image_size":{"unit":"%","size":100,"sizes":[]},"image_border_radius":{"unit":"px","size":32,"sizes":[]},"image":{"url":"","id":"","alt":"","source":"library"},"_margin":{"unit":"px","top":"-44","right":"0","bottom":"0","left":"0","isLinked":false},"title_bottom_space":{"unit":"px","size":15,"sizes":[]},"title_color":"#4B585D","title_typography_typography":"custom","title_typography_font_family":"Actor","title_typography_font_size":{"unit":"px","size":31,"sizes":[]},"title_typography_font_weight":"600","title_shadow_text_shadow_type":"yes","title_shadow_text_shadow":{"horizontal":0,"vertical":0,"blur":2,"color":"rgba(0,0,0,0.3)"}},"elements":[],"isInner":false,"widgetType":"image-box","elType":"widget"}],"isInner":false,"elType":"column"},{"id":"36b90c00","settings":{"_column_size":33,"_inline_size":null},"elements":[{"id":"38fa65b3","settings":{"image":{"url":"http:\/\/localhost\/wordpress\/wp-content\/uploads\/2021\/07\/testimonial-5.jpg","id":456,"alt":"","source":"library"},"width":{"unit":"%","size":100,"sizes":[]},"space":{"unit":"%","size":92,"sizes":[]},"height":{"unit":"px","size":411,"sizes":[]},"_margin":{"unit":"px","top":"8","right":"0","bottom":"0","left":"0","isLinked":false}},"elements":[],"isInner":false,"widgetType":"image","elType":"widget"},{"id":"51289273","settings":{"title_text":"<br><br>TECHNICAL HEAD","description_text":"Lorem ipsum dolor sit amet, consectetur adipiscing elit. Ut elit tellus, luctus nec ullamcorper mattis, pulvinar dapibus leo.","image_space":{"unit":"px","size":31,"sizes":[]},"image_size":{"unit":"%","size":100,"sizes":[]},"image_border_radius":{"unit":"px","size":56,"sizes":[]},"image":{"url":"","id":"","alt":"","source":"library"},"title_bottom_space":{"unit":"px","size":15,"sizes":[]},"title_color":"#4B575C","title_typography_typography":"custom","title_typography_font_family":"Actor","title_typography_font_size":{"unit":"px","size":31,"sizes":[]},"title_typography_font_weight":"600","title_shadow_text_shadow_type":"yes","title_shadow_text_shadow":{"horizontal":0,"vertical":0,"blur":2,"color":"rgba(0,0,0,0.3)"},"_margin":{"unit":"px","top":"-77","right":"0","bottom":"0","left":"0","isLinked":false}},"elements":[],"isInner":false,"widgetType":"image-box","elType":"widget"}],"isInner":false,"elType":"column"}],"isInner":false,"elType":"section"},{"id":"3ef86790","settings":{"layout":"full_width","structure":"20","margin":{"unit":"px","top":"58","right":0,"bottom":"58","left":0,"isLinked":false}},"elements":[{"id":"1de5aa35","settings":{"_column_size":50,"_inline_size":50.164},"elements":[{"id":"32550447","settings":{"title":"OUR JOURNEY<br>","title_color":"#545759","typography_typography":"custom","typography_font_family":"Actor","typography_font_size":{"unit":"px","size":46,"sizes":[]},"typography_font_weight":"700","typography_text_decoration":"underline","typography_line_height":{"unit":"em","size":0.7,"sizes":[]},"typography_letter_spacing":{"unit":"px","size":2.1,"sizes":[]},"_margin":{"unit":"px","top":"0","right":"0","bottom":"0","left":"39","isLinked":false}},"elements":[],"isInner":false,"widgetType":"heading","elType":"widget"},{"id":"2d3def97","settings":{"editor":"<p>We started as a small shop at abc. We had handful of people with us who trust us.\u00a0 But its as say that \"go to the the extra mile rather being staying at one position\". So with all the blood sweat we found the best chef all over India to provide a whole India best and authentic dishes at your places with same taste feeling. It took over us about to ...... start a good business. With the gods grace we started and never looked back and just proceed IN life and today we have ....... stores of CB all over India and ...... stores out of India. We are putting our best efforts to provide you with the best food in whole world. So when you sit with your empty you not only satisfy your stomach but your soul. We just want you guys to provide all the love you have been providing till now and we will do our best to make your table the best and one the amazing feelings in the life.<\/p>","column_gap":{"unit":"px","size":0,"sizes":[]},"typography_typography":"custom","typography_font_family":"Times New Roman","typography_font_size":{"unit":"px","size":20,"sizes":[]},"typography_font_weight":"400","_margin":{"unit":"px","top":"0","right":"0","bottom":"0","left":"38","isLinked":false}},"elements":[],"isInner":false,"widgetType":"text-editor","elType":"widget"}],"isInner":false,"elType":"column"},{"id":"71b2d5b8","settings":{"_column_size":50,"_inline_size":49.755},"elements":[{"id":"5844c9e","settings":{"youtube_url":"https:\/\/www.youtube.com\/watch?v=XHOmBV4js_E","vimeo_url":"https:\/\/vimeo.com\/235215203","dailymotion_url":"https:\/\/www.dailymotion.com\/video\/x6tqhqb","_margin":{"unit":"px","top":"55","right":"0","bottom":"0","left":"10","isLinked":false}},"elements":[],"isInner":false,"widgetType":"video","elType":"widget"},{"id":"32f96f2c","settings":{"text":"Know more","size":"md","icon_indent":{"unit":"px","size":7,"sizes":[]},"typography_typography":"custom","typography_font_family":"Roboto","typography_font_size":{"unit":"px","size":22,"sizes":[]},"typography_font_weight":"600","typography_line_height":{"unit":"em","size":0.6,"sizes":[]},"background_color":"#61B2CE","_margin":{"unit":"px","top":"50","right":"0","bottom":"0","left":"-79","isLinked":false},"_padding":{"unit":"px","top":"6","right":"0","bottom":"0","left":"0","isLinked":false},"_border_radius":{"unit":"px","top":"21","right":"0","bottom":"0","left":"0","isLinked":false},"button_background_hover_color":"#BD9CF4","hover_animation":"grow"},"elements":[],"isInner":false,"widgetType":"button","elType":"widget"}],"isInner":false,"elType":"column"}],"isInner":false,"elType":"section"},{"id":"36e49d03","settings":{"background_background":"classic","padding":{"unit":"px","top":"50","right":"0","bottom":"50","left":"0","isLinked":false},"padding_tablet":{"unit":"px","top":"45","right":"25","bottom":"45","left":"25","isLinked":false},"padding_mobile":{"unit":"px","top":"60","right":"25","bottom":"60","left":"25","isLinked":false},"content_width":{"unit":"px","size":1100,"sizes":[]},"content_position":"middle","structure":"40","gap":"wide","layout":"full_width"},"elements":[{"id":"11647bbd","settings":{"_column_size":25,"padding_mobile":{"unit":"px","top":"0","right":"0","bottom":"0","left":"0","isLinked":false},"margin":{"unit":"px","top":"0","right":"0","bottom":"0","left":"0","isLinked":false},"padding":{"unit":"px","top":"0","right":"0","bottom":"0","left":"0","isLinked":false},"_inline_size":42.182,"_inline_size_tablet":40,"padding_tablet":{"unit":"px","top":"0","right":"40","bottom":"0","left":"0","isLinked":false}},"elements":[{"id":"40d4f2b5","settings":{"title":"Be  part of our Family","align_mobile":"center","_padding_tablet":{"unit":"px","top":"0","right":"0","bottom":"0","left":"0","isLinked":false},"header_size":"h1","_padding_mobile":{"unit":"px","top":"0","right":"0","bottom":"25","left":"0","isLinked":false},"align_tablet":"left","typography_typography":"custom","typography_font_size_mobile":{"unit":"px","size":30,"sizes":[]},"align":"center","title_color":"#545759","typography_font_family":"Actor","typography_font_size":{"unit":"px","size":48,"sizes":[]},"typography_text_decoration":"overline","_margin":{"unit":"px","top":"0","right":"8","bottom":"0","left":"-41","isLinked":false}},"elements":[],"isInner":false,"widgetType":"heading","elType":"widget"}],"isInner":false,"elType":"column"},{"id":"3ab2d4a1","settings":{"_column_size":25,"_inline_size":21.318,"_inline_size_tablet":20},"elements":[{"id":"112e53ac","settings":{"starting_number":1000,"ending_number":8000000,"suffix":"+","title":"Customers","number_color":"#545759","typography_number_typography":"custom","typography_number_font_family":"Roboto","typography_number_font_size":{"unit":"px","size":45,"sizes":[]},"typography_number_font_weight":"600","typography_title_typography":"custom","typography_title_font_family":"Roboto Slab","typography_title_font_weight":"400","counter-title":""},"elements":[],"isInner":false,"widgetType":"counter","elType":"widget"}],"isInner":false,"elType":"column"},{"id":"5277a79","settings":{"_column_size":25,"_inline_size":21.453,"_inline_size_tablet":20},"elements":[{"id":"3c498bd7","settings":{"ending_number":8000,"suffix":"+","title":"Staff members","number_color":"#545759","typography_number_typography":"custom","typography_number_font_family":"Roboto","typography_number_font_size":{"unit":"px","size":45,"sizes":[]},"typography_number_font_weight":"600","typography_title_typography":"custom","typography_title_font_family":"Roboto Slab","typography_title_font_weight":"400","counter-title":""},"elements":[],"isInner":false,"widgetType":"counter","elType":"widget"}],"isInner":false,"elType":"column"},{"id":"48faa461","settings":{"_column_size":25,"_inline_size":14.945,"_inline_size_tablet":20},"elements":[{"id":"1affd718","settings":{"ending_number":20,"suffix":"+","title":"Countries","number_color":"#545759","typography_number_typography":"custom","typography_number_font_family":"Roboto","typography_number_font_size":{"unit":"px","size":45,"sizes":[]},"typography_number_font_weight":"600","typography_title_typography":"custom","typography_title_font_family":"Roboto Slab","typography_title_font_weight":"400","counter-title":""},"elements":[],"isInner":false,"widgetType":"counter","elType":"widget"}],"isInner":false,"elType":"column"}],"isInner":false,"elType":"section"}],"settings":{"template":"default"},"metadata":{"site-sidebar-layout":"no-sidebar","site-content-layout":"page-builder","theme-transparent-header-meta":"default","site-post-title":"disabled","ast-title-bar-display":"disabled","ast-featured-img":"disabled"}}