{"content":[{"id":"1c0e66d5","settings":{"layout":"full_width"},"elements":[{"id":"15969342","settings":{"_column_size":100,"_inline_size":null},"elements":[{"id":"6b07e1d","settings":{"title":"Let your Cravings end here!!!","title_color":"#4E5253","typography_typography":"custom","typography_font_family":"Actor","typography_font_weight":"600","_margin":{"unit":"px","top":"0","right":"8","bottom":"0","left":"50","isLinked":false},"_padding":{"unit":"px","top":"0","right":"0","bottom":"0","left":"0","isLinked":false},"typography_font_size":{"unit":"px","size":33,"sizes":[]},"typography_letter_spacing":{"unit":"px","size":0.9,"sizes":[]}},"elements":[],"isInner":false,"widgetType":"heading","elType":"widget"}],"isInner":false,"elType":"column"}],"isInner":false,"elType":"section"},{"id":"3a1965e","settings":{"layout":"full_width","structure":"40","margin":{"unit":"px","top":"11","right":0,"bottom":"0","left":0,"isLinked":false},"padding":{"unit":"px","top":"2","right":"0","bottom":"0","left":"0","isLinked":false}},"elements":[{"id":"4a461fd8","settings":{"_column_size":25,"_inline_size":null},"elements":[{"id":"f5c4119","settings":{"image":{"url":"http:\/\/localhost\/wordpress\/wp-content\/uploads\/2021\/07\/chole-bhature.jpg","id":153},"image_size":"medium","align":"center","width":{"unit":"%","size":73,"sizes":[]},"space":{"unit":"%","size":73,"sizes":[]},"image_border_radius":{"unit":"px","top":"0","right":"0","bottom":"0","left":"0","isLinked":false}},"elements":[],"isInner":false,"widgetType":"image","elType":"widget"},{"id":"742308a3","settings":{"title":"Delhi ke Chole Bhature","header_size":"h3","align":"center","title_color":"#32373A","typography_typography":"custom","typography_font_family":"Times New Roman","typography_font_weight":"600"},"elements":[],"isInner":false,"widgetType":"heading","elType":"widget"}],"isInner":false,"elType":"column"},{"id":"23c172ee","settings":{"_column_size":25,"_inline_size":null},"elements":[{"id":"290e9d5a","settings":{"image":{"url":"http:\/\/localhost\/wordpress\/wp-content\/uploads\/2021\/07\/chowmein.jpg","id":154},"image_size":"medium","width":{"unit":"%","size":80,"sizes":[]},"space":{"unit":"%","size":80,"sizes":[]}},"elements":[],"isInner":false,"widgetType":"image","elType":"widget"},{"id":"26b6170d","settings":{"title":"Chinese Chowmein","header_size":"h3","align":"center","title_color":"#222628","typography_typography":"custom","typography_font_family":"Times New Roman","typography_font_weight":"600"},"elements":[],"isInner":false,"widgetType":"heading","elType":"widget"}],"isInner":false,"elType":"column"},{"id":"2a380045","settings":{"_column_size":25,"_inline_size":null},"elements":[{"id":"727c407b","settings":{"image":{"url":"http:\/\/localhost\/wordpress\/wp-content\/uploads\/2021\/07\/dosa12.png","id":155},"image_size":"medium","width":{"unit":"%","size":82,"sizes":[]},"space":{"unit":"%","size":82,"sizes":[]}},"elements":[],"isInner":false,"widgetType":"image","elType":"widget"},{"id":"7cc9786c","settings":{"title":"Mysore Masala Dosa","header_size":"h3","align":"center","title_color":"#222628","typography_typography":"custom","typography_font_family":"Times New Roman","typography_font_weight":"600"},"elements":[],"isInner":false,"widgetType":"heading","elType":"widget"}],"isInner":false,"elType":"column"},{"id":"6ff9ce25","settings":{"_column_size":25,"_inline_size":null},"elements":[{"id":"25c12b3f","settings":{"image":{"url":"http:\/\/localhost\/wordpress\/wp-content\/uploads\/2021\/07\/doo.jpg","id":156},"image_size":"medium","width":{"unit":"%","size":90,"sizes":[]},"space":{"unit":"%","size":90,"sizes":[]},"_margin":{"unit":"px","top":"-4","right":"0","bottom":"0","left":"0","isLinked":false}},"elements":[],"isInner":false,"widgetType":"image","elType":"widget"},{"id":"50defcc","settings":{"title":"Bombay pav bhaji","link":{"url":"https:\/\/www.google.com\/url?sa=i&url=https%3A%2F%2Fwww.cubesnjuliennes.com%2Fbest-mumbai-pav-bhaji-recipe%2F&psig=AOvVaw3puVH9LiaYAUwyxsN98rjK&ust=1625460812798000&source=images&cd=vfe&ved=0CAoQjRxqFwoTCICV78fPyPECFQAAAAAdAAAAABAD","is_external":"","nofollow":"","custom_attributes":""},"header_size":"h3","align":"center","title_color":"#222628","typography_typography":"custom","typography_font_family":"Times New Roman","typography_font_weight":"600","_margin":{"unit":"px","top":"0","right":"0","bottom":"0","left":"0","isLinked":false}},"elements":[],"isInner":false,"widgetType":"heading","elType":"widget"}],"isInner":false,"elType":"column"}],"isInner":false,"elType":"section"},{"id":"1bdf416","settings":{"layout":"full_width","margin":{"unit":"px","top":"40","right":0,"bottom":"0","left":0,"isLinked":false},"padding":{"unit":"px","top":"6","right":"0","bottom":"0","left":"0","isLinked":false}},"elements":[{"id":"467b3a7c","settings":{"_column_size":100,"_inline_size":null},"elements":[{"id":"753e7ad2","settings":{"image":{"url":"http:\/\/localhost\/wordpress\/wp-content\/uploads\/2021\/07\/food.jpg","id":175},"thumbnail_size":"large","title_text":"Get Whole India at your doorstep","description_text":"Order from anywhere get deliver everywhere.","image_space":{"unit":"px","size":33,"sizes":[]},"image_size":{"unit":"%","size":70,"sizes":[]},"image_border_radius":{"unit":"px","size":31,"sizes":[]},"css_filters_css_filter":"custom","title_color":"#222628","title_typography_typography":"custom","title_typography_font_family":"Times New Roman","title_typography_font_weight":"600"},"elements":[],"isInner":false,"widgetType":"image-box","elType":"widget"},{"id":"241969d1","settings":{"button_type":"info","text":"Order Now","align":"center","size":"md","icon_indent":{"unit":"px","size":4,"sizes":[]},"background_color":"#6173CE","button_background_hover_color":"#9497EF","hover_animation":"grow"},"elements":[],"isInner":false,"widgetType":"button","elType":"widget"}],"isInner":false,"elType":"column"}],"isInner":false,"elType":"section"},{"id":"54067e23","settings":{"background_background":"classic","background_color":"#FEFEFE00"},"elements":[{"id":"aa4878a","settings":{"_column_size":100,"_inline_size":null},"elements":[{"id":"101ce3dd","settings":{"title":"We work with the best staff all over India. Serving you the best from the best.","title_color":"#434B4F","typography_typography":"custom","typography_font_family":"Times New Roman","typography_font_weight":"600","_margin":{"unit":"px","top":"23","right":"1","bottom":"0","left":"20","isLinked":false},"_padding":{"unit":"px","top":"33","right":"0","bottom":"2","left":"0","isLinked":false}},"elements":[],"isInner":false,"widgetType":"heading","elType":"widget"},{"id":"420fab89","settings":{"youtube_url":"https:\/\/www.youtube.com\/watch?v=Seg3Rmts7Yo","vimeo_url":"https:\/\/vimeo.com\/235215203","dailymotion_url":"https:\/\/www.dailymotion.com\/video\/x6tqhqb","css_filters_css_filter":"custom","_margin":{"unit":"px","top":"-11","right":"0","bottom":"0","left":"0","isLinked":false},"_padding":{"unit":"px","top":"-8","right":"0","bottom":"0","left":"0","isLinked":false}},"elements":[],"isInner":false,"widgetType":"video","elType":"widget"}],"isInner":false,"elType":"column"}],"isInner":false,"elType":"section"},{"id":"1ff8a660","settings":{"layout":"full_width","background_background":"classic","background_color":"#FDFDFD00"},"elements":[{"id":"28b40b9b","settings":{"_column_size":100,"_inline_size":null},"elements":[{"id":"5ed12bc0","settings":{"title":"Want to be part of our team!!!","align":"center","title_color":"#434B4F","typography_typography":"custom","typography_font_family":"Actor","typography_font_weight":"600","_margin":{"unit":"px","top":"16","right":"0","bottom":"0","left":"0","isLinked":false},"_padding":{"unit":"px","top":"9","right":"0","bottom":"0","left":"0","isLinked":false}},"elements":[],"isInner":false,"widgetType":"heading","elType":"widget"},{"id":"60029ef1","settings":{"button_type":"info","text":"JOIN US","align":"center","size":"md","background_color":"#6173CE","button_background_hover_color":"#9497EF","hover_animation":"grow"},"elements":[],"isInner":false,"widgetType":"button","elType":"widget"}],"isInner":false,"elType":"column"}],"isInner":false,"elType":"section"},{"id":"1290bb57","settings":{"margin":{"unit":"px","top":"30","right":0,"bottom":"0","left":0,"isLinked":false},"padding":{"unit":"px","top":"3","right":"0","bottom":"0","left":"0","isLinked":false},"background_background":"gradient","background_color":"#FC8C3C","background_color_b":"#39F730","background_gradient_angle":{"unit":"deg","size":150,"sizes":[]}},"elements":[{"id":"4b770429","settings":{"_column_size":100,"_inline_size":null},"elements":[{"id":"1b6fdd5d","settings":{"title":"We cook and deliver across 28 states covering more than 600 cities and towns.","align":"center","title_color":"#FFFFFF","typography_typography":"custom","typography_font_family":"Actor","typography_font_weight":"600","typography_font_size":{"unit":"px","size":33,"sizes":[]},"typography_text_decoration":"overline"},"elements":[],"isInner":false,"widgetType":"heading","elType":"widget"},{"id":"d246bc3","settings":{"image":{"url":"http:\/\/localhost\/wordpress\/wp-content\/uploads\/2021\/07\/indian-food-map-scaled.jpg","id":193},"_margin":{"unit":"px","top":"10","right":"0","bottom":"0","left":"0","isLinked":false},"_padding":{"unit":"px","top":"6","right":"0","bottom":"0","left":"0","isLinked":false}},"elements":[],"isInner":false,"widgetType":"image","elType":"widget"}],"isInner":false,"elType":"column"}],"isInner":false,"elType":"section"},{"id":"4c5eca45","settings":{"layout":"full_width","structure":"30","margin":{"unit":"px","top":"35","right":0,"bottom":"0","left":0,"isLinked":false}},"elements":[{"id":"24ae1268","settings":{"_column_size":33,"_inline_size":null},"elements":[{"id":"685f777c","settings":{"image":{"url":"http:\/\/localhost\/wordpress\/wp-content\/uploads\/2021\/07\/Screenshot-2021-07-05-085615.jpg","id":203},"thumbnail_size":"large","title_text":"Quality Assurance","description_text":"We provide the premium quality food with best taste.","image_size":{"unit":"%","size":74,"sizes":[]},"title_color":"#466978"},"elements":[],"isInner":false,"widgetType":"image-box","elType":"widget"}],"isInner":false,"elType":"column"},{"id":"651c2dce","settings":{"_column_size":33,"_inline_size":null},"elements":[{"id":"25dcbf35","settings":{"image":{"url":"http:\/\/localhost\/wordpress\/wp-content\/uploads\/2021\/07\/contour-fast-food-delivery-icon-vector-12922124.jpg","id":204},"thumbnail_size":"large","title_text":"Fast delivery","description_text":"Superfast delivery with food delivered fresh and on time.","image_space":{"unit":"px","size":49,"sizes":[]},"image_size":{"unit":"%","size":65,"sizes":[]},"title_color":"#466978","_margin":{"unit":"px","top":"1","right":"0","bottom":"0","left":"0","isLinked":false},"_padding":{"unit":"px","top":"3","right":"0","bottom":"0","left":"0","isLinked":false}},"elements":[],"isInner":false,"widgetType":"image-box","elType":"widget"}],"isInner":false,"elType":"column"},{"id":"5faa1058","settings":{"_column_size":33,"_inline_size":null},"elements":[{"id":"68204509","settings":{"selected_icon":{"value":"fas fa-map-marked-alt","library":"fa-solid"},"title_text":"Order from anywhere","description_text":"Order from anyplace all over India and get it at your doorstep.","view":"stacked","primary_color":"#6EE472","secondary_color":"#EE4D04","icon_space":{"unit":"px","size":47,"sizes":[]},"icon_size":{"unit":"px","size":85,"sizes":[]},"title_color":"#466978","_margin":{"unit":"px","top":"50","right":"0","bottom":"0","left":"0","isLinked":false}},"elements":[],"isInner":false,"widgetType":"icon-box","elType":"widget"}],"isInner":false,"elType":"column"}],"isInner":false,"elType":"section"},{"id":"4fa0eb26","settings":{"layout":"full_width","structure":"22","background_background":"classic","background_color":"#FFFFFF","background_overlay_background":"classic","background_overlay_color":"#9497EF","margin":{"unit":"px","top":"50","right":0,"bottom":"0","left":0,"isLinked":false}},"elements":[{"id":"68375740","settings":{"_column_size":66,"_inline_size":null},"elements":[{"id":"7c8d762c","settings":{"title":"About Us","title_color":"#222628","typography_typography":"custom","typography_font_family":"Actor","typography_font_weight":"600","_margin":{"unit":"px","top":"02","right":"0","bottom":"0","left":"67","isLinked":false},"_padding":{"unit":"px","top":"0","right":"0","bottom":"0","left":"0","isLinked":false},"_background_background":"classic","_background_color":"#8488F405","typography_font_size":{"unit":"px","size":35,"sizes":[]},"typography_text_decoration":"none"},"elements":[],"isInner":false,"widgetType":"heading","elType":"widget"},{"id":"2ad5cbfe","settings":{"editor":"<h3 class=\"heading_5\">At CB, we build products &amp; solutions that redefine the food ordering &amp; delivery space in India, every single day. The best part?<br \/>Every bit of your work at CB will help us change the way India eats! We try to make the food feel like home with the best services provided. We trust our staff so that they can give their best and serve you the tastiest and most memorable dish every time you order from CB.<\/h3>","text_color":"#898686","typography_typography":"custom","typography_font_family":"Actor","typography_font_weight":"500","typography_font_style":"normal","typography_letter_spacing":{"unit":"px","size":0,"sizes":[]},"_margin":{"unit":"px","top":"4","right":"0","bottom":"0","left":"067","isLinked":false}},"elements":[],"isInner":false,"widgetType":"text-editor","elType":"widget"}],"isInner":false,"elType":"column"},{"id":"37725bbe","settings":{"_column_size":33,"_inline_size":null},"elements":[{"id":"47180559","settings":{"image":{"url":"http:\/\/localhost\/wordpress\/wp-content\/uploads\/2021\/07\/chef-Singh-297x284-1.jpg","id":252},"width":{"unit":"%","size":61,"sizes":[]},"space":{"unit":"%","size":60,"sizes":[]}},"elements":[],"isInner":false,"widgetType":"image","elType":"widget"}],"isInner":false,"elType":"column"}],"isInner":false,"elType":"section"},{"id":"6ea89a63","settings":{"layout":"full_width","structure":"20","margin":{"unit":"px","top":"0100","right":0,"bottom":"0","left":0,"isLinked":false}},"elements":[{"id":"2190b70c","settings":{"_column_size":50,"_inline_size":null},"elements":[{"id":"281afdfb","settings":{"image":{"url":"https:\/\/res.cloudinary.com\/swiggy\/image\/upload\/fl_lossy,f_auto,q_auto,w_768,h_978\/pixel_wbdy4n","id":"","source":"url"},"width":{"unit":"%","size":47,"sizes":[]},"space":{"unit":"%","size":50,"sizes":[]}},"elements":[],"isInner":false,"widgetType":"image","elType":"widget"}],"isInner":false,"elType":"column"},{"id":"23b5d34","settings":{"_column_size":50,"_inline_size":null},"elements":[{"id":"22fd67b","settings":{"title":"\nGet the CB App","align":"center","title_color":"#42565E","typography_typography":"custom","typography_font_family":"Actor","typography_font_size":{"unit":"px","size":42,"sizes":[]},"typography_font_weight":"600","text_shadow_text_shadow_type":"yes","text_shadow_text_shadow":{"horizontal":0,"vertical":0,"blur":0,"color":"rgba(0,0,0,0.3)"}},"elements":[],"isInner":false,"widgetType":"heading","elType":"widget"},{"id":"30839ee9","settings":{"editor":"<p>We will send you a link, open it on your phone to download the app<\/p>","align":"center","text_color":"#7A7A7A","typography_typography":"custom","typography_font_family":"Actor","typography_font_size":{"unit":"px","size":20,"sizes":[]},"typography_font_weight":"400"},"elements":[],"isInner":false,"widgetType":"text-editor","elType":"widget"},{"id":"4640d80","settings":{"icon_list":[{"text":"E-mail","selected_icon":{"value":"fas fa-circle","library":"fa-solid"},"_id":"514926e"},{"text":"Phone","selected_icon":{"value":"fas fa-circle","library":"fa-solid"},"_id":"60f7414"}],"space_between":{"unit":"px","size":5,"sizes":[]},"icon_color":"#03587C","text_color":"#54595F","icon_typography_typography":"custom","icon_typography_font_family":"Actor","icon_typography_font_size":{"unit":"px","size":23,"sizes":[]},"icon_typography_font_weight":"400","text_shadow_text_shadow_type":"yes","text_shadow_text_shadow":{"horizontal":0,"vertical":0,"blur":0,"color":"rgba(0,0,0,0.3)"}},"elements":[],"isInner":false,"widgetType":"icon-list","elType":"widget"},{"id":"559f22e3","settings":{"image":{"url":"http:\/\/localhost\/wordpress\/wp-content\/uploads\/2021\/07\/Screenshot-2021-07-31-142935.jpg","id":477,"alt":"","source":"library"},"image_size":"medium","width":{"unit":"%","size":70,"sizes":[]},"space":{"unit":"%","size":70,"sizes":[]},"_margin":{"unit":"px","top":"32","right":"0","bottom":"0","left":"0","isLinked":false}},"elements":[],"isInner":false,"widgetType":"image","elType":"widget"}],"isInner":false,"elType":"column"}],"isInner":false,"elType":"section"},{"id":"45aaeddb","settings":{"margin":{"unit":"px","top":"30","right":0,"bottom":"0","left":0,"isLinked":false}},"elements":[{"id":"7c4dc2ec","settings":{"_column_size":100,"_inline_size":null},"elements":[{"id":"1a82088f","settings":{"title":"Locations where we Serve you Delicacy !!","align":"center","title_color":"#2C3E46","typography_typography":"custom","typography_font_family":"Actor","typography_font_size":{"unit":"px","size":39,"sizes":[]},"typography_font_weight":"600","typography_text_decoration":"overline","_margin":{"unit":"px","top":"42","right":"0","bottom":"0","left":"0","isLinked":false}},"elements":[],"isInner":false,"widgetType":"heading","elType":"widget"}],"isInner":false,"elType":"column"}],"isInner":false,"elType":"section"},{"id":"2e4ea925","settings":[],"elements":[{"id":"1c6595dc","settings":{"_column_size":100,"_inline_size":null},"elements":[{"id":"185689f6","settings":{"image":{"url":"http:\/\/localhost\/wordpress\/wp-content\/uploads\/2021\/07\/smiling-chef-1.jpg","id":419,"alt":"","source":"library"},"image_size":"thumbnail"},"elements":[],"isInner":false,"widgetType":"image","elType":"widget"},{"id":"fac83d3","settings":{"button_type":"danger","text":"Enter your City","align":"center","size":"md","typography_typography":"custom","typography_font_family":"Roboto","typography_font_size":{"unit":"px","size":22,"sizes":[]},"typography_font_weight":"500","background_color":"#6173CE","button_background_hover_color":"#9497EF","hover_animation":"grow"},"elements":[],"isInner":false,"widgetType":"button","elType":"widget"}],"isInner":false,"elType":"column"}],"isInner":false,"elType":"section"},{"id":"4bda2d82","settings":{"layout":"full_width","structure":"30","background_background":"classic","background_color":"#FFFFFF","background_overlay_background":"classic","background_overlay_color":"#9497EF","margin":{"unit":"px","top":"28","right":0,"bottom":"0","left":0,"isLinked":false}},"elements":[{"id":"5a79075c","settings":{"_column_size":33,"_inline_size":45.634},"elements":[{"id":"65ef086d","settings":{"editor":"<p>Agra<\/p><p>Ahmedabad<\/p><p>Ajmer<\/p><p>Alwar<\/p><p>Ambala<\/p><p>Amritsar<\/p><p>Anantapur<\/p><p>Asansol<\/p><p>Asansol<\/p><p>Aurangabad<\/p><p>Bhavnagar<\/p><p>Bhilai<\/p><p>Bhilwara<\/p><p>Bhimavaram<\/p><p>Bhind<\/p><p>Bhiwadi<\/p><p>Bhiwani<\/p><p>Bhopal<\/p><p>Bhubaneswar<\/p><p>Bikaner<\/p><p>Chand\u012bgarh<\/p><p>Chittoor<\/p><p>Chittorgarh<\/p><p>Churu<\/p><p>Coimbatore<\/p><p>Cuddalore<\/p><p>Cuttack<\/p><p>Dabhoi<\/p><p>Dausa<\/p><p>Davanagere<\/p><p>Dehradun<\/p><p>Dehri<\/p><p>Delhi<\/p><p>Deoghar<\/p><p>Dewas<\/p><p>Dhamtari<\/p><p>Dhanbad<\/p><p>Dhar<\/p><p>Dharamshala<\/p><p>Dharmapuri<\/p><p>Dharwad<\/p><p>Dhule<\/p><p>Dibrugarh<\/p><p>Digha<\/p><p>Dindigul<\/p><p>Doddaballapura<\/p><p>Duliajan<\/p><p>\u00a0<\/p>","column_gap":{"unit":"px","size":3,"sizes":[]},"text_color":"#1F1A1A","typography_typography":"custom","typography_font_family":"Roboto","typography_font_size":{"unit":"px","size":18,"sizes":[]},"typography_font_weight":"400","typography_line_height":{"unit":"em","size":1.8,"sizes":[]},"typography_letter_spacing":{"unit":"px","size":0.3,"sizes":[]},"_margin":{"unit":"px","top":"9","right":"0","bottom":"0","left":"0200","isLinked":false}},"elements":[],"isInner":false,"widgetType":"text-editor","elType":"widget"}],"isInner":false,"elType":"column"},{"id":"1456a7a2","settings":{"_column_size":33,"_inline_size":30.292},"elements":[{"id":"3bc5aabe","settings":{"editor":"<p>Davanagere<\/p><p>Dehradun<\/p><p>Dehri<\/p><p>Delhi<\/p><p>Gurdaspur<\/p><p>Gurgaon<\/p><p>Guwahati<\/p><p>Gwalior<\/p><p>Hanumangarh<\/p><p>Jaipur<\/p><p>Jalandhar<\/p><p>Jalgaon<\/p><p>Jalna<\/p><p>Jalpaiguri<\/p><p>Jammu<\/p><p>Jamnagar<\/p><p>Jamshedpur<\/p><p>Janjgir<\/p><p>Jaunpur<\/p><p>Jhalawar<\/p><p>Jhansi<\/p><p>Jhunjhunu<\/p><p>Jind<\/p><p>Jodhpur<\/p><p>Jorhat<\/p><p>Junagadh<\/p><p>Kadapa<\/p><p>Kadiri<\/p><p>Kaithal<\/p><p>Kakinada<\/p><p>Kalaburagi<\/p><p>Kalady<\/p><p>Kamareddy<\/p><p>Kanchrapara<\/p><p>Kanker<\/p><p>Kannur<\/p><p>Kanpur<\/p><p>Kanyakumari<\/p><p>Kapurthala<\/p><p>Karad<\/p><p>Karaikkudi<\/p><p>Karimnagar<\/p><p>Karnal<\/p><p>Karunagappaly<\/p><p>Karur<\/p><p>Karwar<\/p><p>Kashipur<\/p><p>\u00a0<\/p>","text_color":"#383232","typography_typography":"custom","typography_font_family":"Roboto","typography_font_size":{"unit":"px","size":18,"sizes":[]},"typography_font_weight":"400","typography_letter_spacing":{"unit":"px","size":-0.1,"sizes":[]}},"elements":[],"isInner":false,"widgetType":"text-editor","elType":"widget"}],"isInner":false,"elType":"column"},{"id":"793c45d8","settings":{"_column_size":33,"_inline_size":23.738},"elements":[{"id":"7ef03b2f","settings":{"editor":"<p>Khargone<\/p><p>Kishanganj<\/p><p>Kishangarh<\/p><p>Kochi<\/p><p>Kodaikanal<\/p><p>Kolar<\/p><p>Kolhapur<\/p><p>Kolkata<\/p><p>Kollam<\/p><p>Korba<\/p><p>Kota<\/p><p>Kothagudem<\/p><p>Kothamanagalam<\/p><p>Kottakkal<\/p><p>Kottarakkara<\/p><p>Kottayam<\/p><p>Kozhikode<\/p><p>Krishnagiri<\/p><p>Krishnanagar<\/p><p>Kuchaman<\/p><p>Kumbakonam<\/p><p>Kumta<\/p><p>Kundapura<\/p><p>Kurnool<\/p><p>Kurukshetra<\/p><p>Lakhimpur<\/p><p>Lalitpur<\/p><p>Latur<\/p><p>Lonavala<\/p><p>Lucknow<\/p><p>Ludhiana<\/p><p>Machilipatnam<\/p><p>Madanapalle<\/p><p>Madikeri<\/p><p>Madurai<\/p><p>Mahasamund<\/p><p>Mahbubnagar<\/p><p>Malappuram<\/p><p>Malda<\/p><p>Malegaon<\/p><p>Malout<\/p><p>Mancherial<\/p><p>Mandi-Dabwali<\/p><p>Mandsaur<\/p><p>Mandya<\/p><p>Mangaluru<\/p><p>Manipal<\/p><p>\u00a0<\/p>","text_color":"#282020","typography_typography":"custom","typography_font_family":"Roboto","typography_font_size":{"unit":"px","size":18,"sizes":[]},"typography_font_weight":"400","_margin":{"unit":"px","top":"0","right":"0","bottom":"0","left":"1","isLinked":false}},"elements":[],"isInner":false,"widgetType":"text-editor","elType":"widget"}],"isInner":false,"elType":"column"}],"isInner":false,"elType":"section"}],"settings":{"template":"elementor_canvas"},"metadata":{"site-sidebar-layout":"no-sidebar","site-content-layout":"page-builder","theme-transparent-header-meta":"default","site-post-title":"disabled","ast-title-bar-display":"disabled","ast-featured-img":"disabled"}}