{"content":[{"id":"6db04130","settings":{"layout":"full_width","height":"min-height","custom_height":{"unit":"px","size":780,"sizes":[]},"background_background":"slideshow","background_slideshow_gallery":[{"id":511,"url":"http:\/\/localhost\/wordpress\/wp-content\/uploads\/2021\/07\/cupcakes-desserts-frosting-690040-1.jpg"},{"id":512,"url":"http:\/\/localhost\/wordpress\/wp-content\/uploads\/2021\/07\/food-delivery-boy.png"},{"id":513,"url":"http:\/\/localhost\/wordpress\/wp-content\/uploads\/2021\/07\/Restaurant-Table-Designs-OTL-HERO.png"}],"margin":{"unit":"px","top":"56","right":0,"bottom":"0","left":0,"isLinked":false}},"elements":[{"id":"8c26abe","settings":{"_column_size":100,"_inline_size":null},"elements":[{"id":"6d9dc51","settings":{"title":"~1 million\nTotal Orders","title_color":"#FFFFFF","typography_typography":"custom","typography_font_family":"Actor","typography_font_size":{"unit":"px","size":59,"sizes":[]},"typography_font_weight":"600","text_shadow_text_shadow_type":"yes","text_shadow_text_shadow":{"horizontal":0,"vertical":0,"blur":2,"color":"rgba(0,0,0,0.3)"},"_margin":{"unit":"px","top":"210","right":"0","bottom":"0","left":"-2","isLinked":false}},"elements":[],"isInner":false,"widgetType":"heading","elType":"widget"}],"isInner":false,"elType":"column"}],"isInner":false,"elType":"section"},{"id":"a2d9e16","settings":{"margin":{"unit":"px","top":"61","right":0,"bottom":"0","left":0,"isLinked":false}},"elements":[{"id":"55abcc95","settings":{"_column_size":100,"_inline_size":null},"elements":[{"id":"5cc4dc","settings":{"title":"Be our Investor","align":"center","title_color":"#505861","typography_typography":"custom","typography_font_family":"Actor","typography_font_size":{"unit":"px","size":41,"sizes":[]},"typography_font_weight":"600"},"elements":[],"isInner":false,"widgetType":"heading","elType":"widget"},{"id":"73716d16","settings":{"text":"Click here","align":"center","size":"md","background_color":"#5EC1DC","button_background_hover_color":"#95D6F7","hover_animation":"shrink"},"elements":[],"isInner":false,"widgetType":"button","elType":"widget"}],"isInner":false,"elType":"column"}],"isInner":false,"elType":"section"}],"settings":{"template":"default"},"metadata":{"site-sidebar-layout":"default","site-content-layout":"default","theme-transparent-header-meta":"default"}}