{"content":[{"id":"19969a1d","settings":{"content_width":{"unit":"px","size":1143,"sizes":[]},"gap":"no","height":"min-height","custom_height":{"unit":"px","size":705,"sizes":[]},"background_background":"classic","background_overlay_background":"classic","background_overlay_image":{"url":"https:\/\/www.outlookindia.com\/outlooktraveller\/public\/uploads\/articles\/explore\/Harajuku-district-tokyo.gif","id":"","source":"url","alt":""},"background_overlay_position":"center center","background_overlay_repeat":"no-repeat","background_overlay_size":"contain","background_overlay_opacity":{"unit":"px","size":1,"sizes":[]}},"elements":[{"id":"1d29f7fa","settings":{"_column_size":100,"_inline_size":null},"elements":[{"id":"79bd9bcc","settings":{"title":"CB Blog's","header_size":"h1","align":"center","title_color":"#FFFFFF","typography_typography":"custom","typography_font_family":"Actor","typography_font_size":{"unit":"px","size":99,"sizes":[]},"typography_font_weight":"600","_margin":{"unit":"px","top":"362","right":"0","bottom":"0","left":"-42","isLinked":false}},"elements":[],"isInner":false,"widgetType":"heading","elType":"widget"},{"id":"2539a1ab","settings":{"title":"Giving you a taste of life","align":"center","title_color":"#F1F1F1","typography_typography":"custom","typography_font_family":"Actor","typography_font_size":{"unit":"px","size":37,"sizes":[]},"typography_font_weight":"600","typography_text_decoration":"overline","text_shadow_text_shadow_type":"yes","_margin":{"unit":"px","top":"0","right":"49","bottom":"0","left":"0","isLinked":false}},"elements":[],"isInner":false,"widgetType":"heading","elType":"widget"}],"isInner":false,"elType":"column"}],"isInner":false,"elType":"section"},{"id":"35f7cf62","settings":{"layout":"full_width","structure":"20"},"elements":[{"id":"7db8441d","settings":{"_column_size":50,"_inline_size":null},"elements":[{"id":"231cfc19","settings":{"image":{"url":"https:\/\/curlytales.com\/wp-content\/uploads\/2021\/01\/3-1.jpg","id":"","source":"url"},"width":{"unit":"%","size":80,"sizes":[]},"space":{"unit":"%","size":80,"sizes":[]},"_margin":{"unit":"px","top":"0125","right":"0","bottom":"0","left":"0","isLinked":false}},"elements":[],"isInner":false,"widgetType":"image","elType":"widget"},{"id":"171ec84","settings":{"title":"We help feed thousands ","align":"center","title_color":"#465258","typography_typography":"custom","typography_font_family":"Actor","typography_font_size":{"unit":"px","size":36,"sizes":[]},"typography_font_weight":"900","typography_line_height":{"unit":"em","size":1,"sizes":[]},"text_shadow_text_shadow_type":"yes","text_shadow_text_shadow":{"horizontal":0,"vertical":0,"blur":2,"color":"rgba(0,0,0,0.3)"},"_margin":{"unit":"px","top":"0","right":"0","bottom":"0","left":"0","isLinked":false}},"elements":[],"isInner":false,"widgetType":"heading","elType":"widget"},{"id":"4c642c63","settings":{"_margin":{"unit":"px","top":"0","right":"0","bottom":"0","left":"57","isLinked":false}},"elements":[],"isInner":false,"widgetType":"text-editor","elType":"widget"}],"isInner":false,"elType":"column"},{"id":"462b1e6b","settings":{"_column_size":50,"_inline_size":null},"elements":[{"id":"2bc151e2","settings":{"image":{"url":"https:\/\/www.deccanherald.com\/sites\/dh\/files\/article_images\/2016\/10\/08\/574857.jpg","id":"","source":"url","alt":""},"image_size":"thumbnail","image_custom_dimension":{"width":"300","height":"300"},"width":{"unit":"%","size":70,"sizes":[]},"space":{"unit":"%","size":70,"sizes":[]},"_margin":{"unit":"px","top":"125","right":"0","bottom":"0","left":"0","isLinked":false}},"elements":[],"isInner":false,"widgetType":"image","elType":"widget"},{"id":"5ec0a97d","settings":{"title":"Feeding the hungry globally","align":"center","title_color":"#4B4D42","typography_typography":"custom","typography_font_family":"Actor","typography_font_size":{"unit":"px","size":36,"sizes":[]},"typography_font_weight":"900","typography_line_height":{"unit":"em","size":1,"sizes":[]},"text_shadow_text_shadow_type":"yes","text_shadow_text_shadow":{"horizontal":0,"vertical":0,"blur":2,"color":"rgba(0,0,0,0.3)"},"_margin":{"unit":"px","top":"1","right":"0","bottom":"0","left":"0","isLinked":false}},"elements":[],"isInner":false,"widgetType":"heading","elType":"widget"},{"id":"3f8cc0de","settings":{"_margin":{"unit":"px","top":"0","right":"0","bottom":"0","left":"57","isLinked":false}},"elements":[],"isInner":false,"widgetType":"text-editor","elType":"widget"}],"isInner":false,"elType":"column"}],"isInner":false,"elType":"section"},{"id":"fe52a62","settings":{"layout":"full_width","structure":"20","margin":{"unit":"px","top":"60","right":0,"bottom":"0","left":0,"isLinked":false}},"elements":[{"id":"130d03d0","settings":{"_column_size":50,"_inline_size":null},"elements":[{"id":"79d1c533","settings":{"image":{"url":"https:\/\/blog.ipleaders.in\/wp-content\/uploads\/2021\/01\/img-20190306-5c7f72b3a4ca1.jpg","id":"","source":"url"},"image_size":"medium","width":{"unit":"%","size":80,"sizes":[]},"space":{"unit":"%","size":80,"sizes":[]}},"elements":[],"isInner":false,"widgetType":"image","elType":"widget"},{"id":"224bafb6","settings":{"title":"Increasing women participation","align":"center","title_color":"#465258","typography_typography":"custom","typography_font_family":"Actor","typography_font_size":{"unit":"px","size":36,"sizes":[]},"typography_font_weight":"700","text_shadow_text_shadow_type":"yes","text_shadow_text_shadow":{"horizontal":0,"vertical":0,"blur":2,"color":"rgba(0,0,0,0.3)"}},"elements":[],"isInner":false,"widgetType":"heading","elType":"widget"},{"id":"5a638365","settings":{"editor":"","_margin":{"unit":"px","top":"0","right":"0","bottom":"0","left":"57","isLinked":false}},"elements":[],"isInner":false,"widgetType":"text-editor","elType":"widget"}],"isInner":false,"elType":"column"},{"id":"5e6efced","settings":{"_column_size":50,"_inline_size":null},"elements":[{"id":"36356182","settings":{"image":{"url":"https:\/\/digitallearning.eletsonline.com\/wp-content\/uploads\/2019\/02\/Education-in-India.png","id":"","source":"url","alt":""},"image_size":"medium","width":{"unit":"%","size":80,"sizes":[]},"space":{"unit":"%","size":80,"sizes":[]}},"elements":[],"isInner":false,"widgetType":"image","elType":"widget"},{"id":"1f70074a","settings":{"title":"Increasing women participation","align":"center","title_color":"#465258","typography_typography":"custom","typography_font_family":"Actor","typography_font_size":{"unit":"px","size":36,"sizes":[]},"typography_font_weight":"700","text_shadow_text_shadow_type":"yes","text_shadow_text_shadow":{"horizontal":0,"vertical":0,"blur":2,"color":"rgba(0,0,0,0.3)"}},"elements":[],"isInner":false,"widgetType":"heading","elType":"widget"},{"id":"70751d8e","settings":{"_margin":{"unit":"px","top":"0","right":"0","bottom":"0","left":"57","isLinked":false}},"elements":[],"isInner":false,"widgetType":"text-editor","elType":"widget"}],"isInner":false,"elType":"column"}],"isInner":false,"elType":"section"},{"id":"5c2df161","settings":{"layout":"full_width","structure":"20","margin":{"unit":"px","top":"40","right":0,"bottom":"0","left":0,"isLinked":false}},"elements":[{"id":"75a971e2","settings":{"_column_size":50,"_inline_size":null},"elements":[{"id":"e6fda83","settings":{"image":{"url":"https:\/\/img.hobbyfarms.com\/wp-content\/uploads\/2019\/03\/22190424\/sugarbeets-vegetable-crops-KWS-Group-Flickr.jpg","id":"","source":"url","alt":""},"width":{"unit":"%","size":80,"sizes":[]},"space":{"unit":"%","size":80,"sizes":[]}},"elements":[],"isInner":false,"widgetType":"image","elType":"widget"},{"id":"5a48e181","settings":{"title":"Getting the best food from the best Farms","align":"center","title_color":"#465258","typography_typography":"custom","typography_font_family":"Actor","typography_font_size":{"unit":"px","size":32,"sizes":[]},"typography_font_weight":"800","text_shadow_text_shadow_type":"yes","text_shadow_text_shadow":{"horizontal":0,"vertical":0,"blur":2,"color":"rgba(0,0,0,0.3)"}},"elements":[],"isInner":false,"widgetType":"heading","elType":"widget"},{"id":"72b70ce9","settings":{"_margin":{"unit":"px","top":"0","right":"00","bottom":"00","left":"51","isLinked":false}},"elements":[],"isInner":false,"widgetType":"text-editor","elType":"widget"}],"isInner":false,"elType":"column"},{"id":"451510cb","settings":{"_column_size":50,"_inline_size":null},"elements":[{"id":"2842e16f","settings":{"image":{"url":"https:\/\/cdn.pixabay.com\/photo\/2015\/04\/20\/13\/30\/kitchen-731351_960_720.jpg","id":"","source":"url","alt":""},"width":{"unit":"%","size":72,"sizes":[]},"space":{"unit":"%","size":72,"sizes":[]}},"elements":[],"isInner":false,"widgetType":"image","elType":"widget"},{"id":"201c761","settings":{"title":"Perfection is our statement","align":"center","title_color":"#465258","typography_typography":"custom","typography_font_family":"Actor","typography_font_size":{"unit":"px","size":32,"sizes":[]},"typography_font_weight":"800","text_shadow_text_shadow_type":"yes","text_shadow_text_shadow":{"horizontal":0,"vertical":0,"blur":2,"color":"rgba(0,0,0,0.3)"}},"elements":[],"isInner":false,"widgetType":"heading","elType":"widget"},{"id":"6b492655","settings":{"_margin":{"unit":"px","top":"0","right":"00","bottom":"00","left":"51","isLinked":false}},"elements":[],"isInner":false,"widgetType":"text-editor","elType":"widget"}],"isInner":false,"elType":"column"}],"isInner":false,"elType":"section"},{"id":"1cef0d01","settings":{"gap":"no","background_color":"#FFFFFF","padding":{"unit":"px","top":"100","right":"0","bottom":"100","left":"0","isLinked":false},"content_width":{"unit":"px","size":1200,"sizes":[]},"padding_tablet":{"unit":"px","top":"80","right":"30","bottom":"80","left":"30","isLinked":false},"background_background":"classic"},"elements":[{"id":"bc4e8bb","settings":{"_column_size":100,"_inline_size":null,"margin":{"unit":"px","top":"0","right":"0","bottom":"0","left":"0","isLinked":false},"padding":{"unit":"px","top":"0","right":"0","bottom":"0","left":"0","isLinked":false}},"elements":[{"id":"715cbff6","settings":{"content_width":{"unit":"px","size":700,"sizes":[]},"gap":"no","margin":{"unit":"px","top":"0","right":0,"bottom":"0","left":0,"isLinked":false},"padding":{"unit":"px","top":"0","right":"0","bottom":"0","left":"0","isLinked":false}},"elements":[{"id":"6dd175b","settings":{"_column_size":100,"_inline_size":null},"elements":[{"id":"3c48c885","settings":{"title":"Critics View on Us","align":"center","title_color":"#4B5B62","typography_typography":"custom","typography_font_family":"Actor","typography_font_size":{"unit":"px","size":40,"sizes":[]},"typography_font_weight":"700","typography_text_decoration":"overline","text_shadow_text_shadow_type":"yes","text_shadow_text_shadow":{"horizontal":0,"vertical":0,"blur":2,"color":"rgba(0,0,0,0.3)"}},"elements":[],"isInner":false,"widgetType":"heading","elType":"widget"},{"id":"18ef5ac9","settings":{"editor":"","align":"center"},"elements":[],"isInner":false,"widgetType":"text-editor","elType":"widget"}],"isInner":true,"elType":"column"}],"isInner":true,"elType":"section"},{"id":"210b48e4","settings":{"gap":"no","structure":"40","margin":{"unit":"px","top":"40","right":0,"bottom":"0","left":0,"isLinked":false}},"elements":[{"id":"6f29a54a","settings":{"_column_size":25,"_inline_size":null,"background_color":"#FFFFFF","margin":{"unit":"px","top":"20","right":"20","bottom":"20","left":"20","isLinked":true},"padding":{"unit":"px","top":"0","right":"0","bottom":"0","left":"0","isLinked":true},"box_shadow_box_shadow":{"horizontal":0,"vertical":0,"blur":50,"spread":0,"color":"rgba(0, 0, 0, 0.08)"},"_inline_size_tablet":50,"margin_mobile":{"unit":"px","top":"0","right":"0","bottom":"0","left":"0","isLinked":false},"padding_mobile":{"unit":"px","top":"0","right":"0","bottom":"0","left":"0","isLinked":false}},"elements":[{"id":"a4c46a3","settings":{"image":{"id":455,"url":"http:\/\/localhost\/wordpress\/wp-content\/uploads\/2021\/07\/testimonial-3.jpg"},"title_text":"Johnathan Doe","description_text":"Founder\/CEO of Foodzy","title_size":"h5","image_space":{"unit":"px","size":20,"sizes":[]},"image_size":{"unit":"%","size":90,"sizes":[]},"image_border_radius":{"unit":"px","size":0,"sizes":[]},"text_align":"left","title_bottom_space":{"unit":"px","size":0,"sizes":[]},"title_typography_typography":"custom","title_typography_font_weight":"bold","description_typography_typography":"custom","description_typography_font_size":{"unit":"px","size":15,"sizes":[]},"_margin":{"unit":"px","top":"0","right":"0","bottom":"-1","left":"0","isLinked":false},"image_size_tablet":{"unit":"%","size":100,"sizes":[]},"title_color":"#465258"},"elements":[],"isInner":false,"widgetType":"image-box","elType":"widget"},{"id":"fc85870","settings":{"editor":"Lorem ipsum dolor sit amet, consec tetur adipiscing elit.","typography_typography":"custom","typography_font_size":{"unit":"px","size":14,"sizes":[]},"_margin":{"unit":"px","top":"0","right":"30","bottom":"0","left":"0","isLinked":false}},"elements":[],"isInner":false,"widgetType":"text-editor","elType":"widget"},{"id":"35a2e67c","settings":{"social_icon_list":[{"social_icon":{"value":"fab fa-facebook","library":"fa-brands"},"_id":"7205a3a","link":{"url":"#","is_external":"true","nofollow":"","custom_attributes":""}},{"_id":"a3c239a","social_icon":{"value":"fab fa-linkedin","library":"fa-brands"},"link":{"url":"#","is_external":"true","nofollow":"","custom_attributes":""}},{"social_icon":{"value":"fab fa-instagram","library":"fa-brands"},"link":{"url":"#","is_external":"true","nofollow":"","custom_attributes":""},"_id":"6cb0333"}],"align":"","icon_primary_color":"#FFFFFF00","icon_secondary_color":"#808080","icon_size":{"unit":"px","size":12,"sizes":[]},"icon_padding":{"unit":"em","size":0.8,"sizes":[]},"icon_spacing":{"unit":"px","size":10,"sizes":[]},"image_border_width":{"unit":"px","top":"1","right":"1","bottom":"1","left":"1","isLinked":true},"image_border_color":"#808080","shape":"square"},"elements":[],"isInner":false,"widgetType":"social-icons","elType":"widget"}],"isInner":true,"elType":"column"},{"id":"2e5a6cef","settings":{"_column_size":25,"_inline_size":null,"background_color":"#FFFFFF","margin":{"unit":"px","top":"20","right":"20","bottom":"20","left":"20","isLinked":true},"padding":{"unit":"px","top":"0","right":"0","bottom":"0","left":"0","isLinked":true},"box_shadow_box_shadow":{"horizontal":0,"vertical":0,"blur":50,"spread":0,"color":"rgba(0, 0, 0, 0.08)"},"_inline_size_tablet":50,"margin_mobile":{"unit":"px","top":"40","right":"0","bottom":"0","left":"0","isLinked":false}},"elements":[{"id":"70da1da7","settings":{"image":{"id":456,"url":"http:\/\/localhost\/wordpress\/wp-content\/uploads\/2021\/07\/testimonial-5.jpg"},"title_text":"Jasun Tatum","description_text":"Food Blogger","title_size":"h5","image_space":{"unit":"px","size":20,"sizes":[]},"image_size":{"unit":"%","size":90,"sizes":[]},"image_border_radius":{"unit":"px","size":0,"sizes":[]},"text_align":"left","title_bottom_space":{"unit":"px","size":0,"sizes":[]},"title_typography_typography":"custom","title_typography_font_weight":"bold","description_typography_typography":"custom","description_typography_font_size":{"unit":"px","size":15,"sizes":[]},"_margin":{"unit":"px","top":"0","right":"0","bottom":"-1","left":"0","isLinked":false},"image_size_tablet":{"unit":"%","size":100,"sizes":[]},"title_color":"#465258"},"elements":[],"isInner":false,"widgetType":"image-box","elType":"widget"},{"id":"45d2cb0d","settings":{"editor":"Lorem ipsum dolor sit amet, consec tetur adipiscing elit.","typography_typography":"custom","typography_font_size":{"unit":"px","size":14,"sizes":[]},"_margin":{"unit":"px","top":"0","right":"30","bottom":"0","left":"0","isLinked":false}},"elements":[],"isInner":false,"widgetType":"text-editor","elType":"widget"},{"id":"1649acf6","settings":{"social_icon_list":[{"social_icon":{"value":"fab fa-facebook","library":"fa-brands"},"_id":"7205a3a","link":{"url":"#","is_external":"true","nofollow":"","custom_attributes":""}},{"_id":"a3c239a","social_icon":{"value":"fab fa-linkedin","library":"fa-brands"},"link":{"url":"#","is_external":"true","nofollow":"","custom_attributes":""}},{"social_icon":{"value":"fab fa-instagram","library":"fa-brands"},"link":{"url":"#","is_external":"true","nofollow":"","custom_attributes":""},"_id":"6cb0333"}],"align":"","icon_primary_color":"#FFFFFF00","icon_secondary_color":"#808080","icon_size":{"unit":"px","size":12,"sizes":[]},"icon_padding":{"unit":"em","size":0.8,"sizes":[]},"icon_spacing":{"unit":"px","size":10,"sizes":[]},"image_border_width":{"unit":"px","top":"1","right":"1","bottom":"1","left":"1","isLinked":true},"image_border_color":"#808080","shape":"square"},"elements":[],"isInner":false,"widgetType":"social-icons","elType":"widget"}],"isInner":true,"elType":"column"},{"id":"d128e29","settings":{"_column_size":25,"_inline_size":null,"background_color":"#FFFFFF","margin":{"unit":"px","top":"20","right":"20","bottom":"20","left":"20","isLinked":true},"padding":{"unit":"px","top":"0","right":"0","bottom":"0","left":"0","isLinked":true},"box_shadow_box_shadow":{"horizontal":0,"vertical":0,"blur":50,"spread":0,"color":"rgba(0, 0, 0, 0.08)"},"_inline_size_tablet":50,"margin_mobile":{"unit":"px","top":"40","right":"0","bottom":"0","left":"0","isLinked":false}},"elements":[{"id":"46700315","settings":{"image":{"id":457,"url":"http:\/\/localhost\/wordpress\/wp-content\/uploads\/2021\/07\/testimonial-1.jpg"},"title_text":"Jessica ray","description_text":"Food blogger","title_size":"h5","image_space":{"unit":"px","size":20,"sizes":[]},"image_size":{"unit":"%","size":90,"sizes":[]},"image_border_radius":{"unit":"px","size":0,"sizes":[]},"text_align":"left","title_bottom_space":{"unit":"px","size":0,"sizes":[]},"title_typography_typography":"custom","title_typography_font_weight":"bold","description_typography_typography":"custom","description_typography_font_size":{"unit":"px","size":15,"sizes":[]},"_margin":{"unit":"px","top":"0","right":"0","bottom":"-1","left":"0","isLinked":false},"image_size_tablet":{"unit":"%","size":100,"sizes":[]},"title_color":"#465258"},"elements":[],"isInner":false,"widgetType":"image-box","elType":"widget"},{"id":"6c5d0bdc","settings":{"editor":"Lorem ipsum dolor sit amet, consec tetur adipiscing elit.","typography_typography":"custom","typography_font_size":{"unit":"px","size":14,"sizes":[]},"_margin":{"unit":"px","top":"0","right":"30","bottom":"0","left":"0","isLinked":false}},"elements":[],"isInner":false,"widgetType":"text-editor","elType":"widget"},{"id":"6d818e39","settings":{"social_icon_list":[{"social_icon":{"value":"fab fa-facebook","library":"fa-brands"},"_id":"7205a3a","link":{"url":"#","is_external":"true","nofollow":"","custom_attributes":""}},{"_id":"a3c239a","social_icon":{"value":"fab fa-linkedin","library":"fa-brands"},"link":{"url":"#","is_external":"true","nofollow":"","custom_attributes":""}},{"social_icon":{"value":"fab fa-instagram","library":"fa-brands"},"link":{"url":"#","is_external":"true","nofollow":"","custom_attributes":""},"_id":"6cb0333"}],"align":"","icon_primary_color":"#FFFFFF00","icon_secondary_color":"#808080","icon_size":{"unit":"px","size":12,"sizes":[]},"icon_padding":{"unit":"em","size":0.8,"sizes":[]},"icon_spacing":{"unit":"px","size":10,"sizes":[]},"image_border_width":{"unit":"px","top":"1","right":"1","bottom":"1","left":"1","isLinked":true},"image_border_color":"#808080","shape":"square"},"elements":[],"isInner":false,"widgetType":"social-icons","elType":"widget"}],"isInner":true,"elType":"column"},{"id":"44558b4f","settings":{"_column_size":25,"_inline_size":null,"background_color":"#FFFFFF","margin":{"unit":"px","top":"20","right":"20","bottom":"20","left":"20","isLinked":true},"padding":{"unit":"px","top":"0","right":"0","bottom":"0","left":"0","isLinked":true},"box_shadow_box_shadow":{"horizontal":0,"vertical":0,"blur":50,"spread":0,"color":"rgba(0, 0, 0, 0.08)"},"_inline_size_tablet":50,"margin_mobile":{"unit":"px","top":"40","right":"0","bottom":"0","left":"0","isLinked":false}},"elements":[{"id":"2191e1a7","settings":{"image":{"id":458,"url":"http:\/\/localhost\/wordpress\/wp-content\/uploads\/2021\/07\/testimonial-2.jpg"},"title_text":"Justin william","description_text":"CEO food nations","title_size":"h5","image_space":{"unit":"px","size":20,"sizes":[]},"image_size":{"unit":"%","size":90,"sizes":[]},"image_border_radius":{"unit":"px","size":0,"sizes":[]},"text_align":"left","title_bottom_space":{"unit":"px","size":0,"sizes":[]},"title_typography_typography":"custom","title_typography_font_weight":"bold","description_typography_typography":"custom","description_typography_font_size":{"unit":"px","size":15,"sizes":[]},"_margin":{"unit":"px","top":"0","right":"0","bottom":"-1","left":"0","isLinked":false},"image_size_tablet":{"unit":"%","size":100,"sizes":[]},"title_color":"#465258"},"elements":[],"isInner":false,"widgetType":"image-box","elType":"widget"},{"id":"3605d99c","settings":{"editor":"Lorem ipsum dolor sit amet, consec tetur adipiscing elit.","typography_typography":"custom","typography_font_size":{"unit":"px","size":14,"sizes":[]},"_margin":{"unit":"px","top":"0","right":"30","bottom":"0","left":"0","isLinked":false}},"elements":[],"isInner":false,"widgetType":"text-editor","elType":"widget"},{"id":"66b62b2","settings":{"social_icon_list":[{"social_icon":{"value":"fab fa-facebook","library":"fa-brands"},"_id":"7205a3a","link":{"url":"#","is_external":"true","nofollow":"","custom_attributes":""}},{"_id":"a3c239a","social_icon":{"value":"fab fa-linkedin","library":"fa-brands"},"link":{"url":"#","is_external":"true","nofollow":"","custom_attributes":""}},{"social_icon":{"value":"fab fa-instagram","library":"fa-brands"},"link":{"url":"#","is_external":"true","nofollow":"","custom_attributes":""},"_id":"6cb0333"}],"align":"","icon_primary_color":"#FFFFFF00","icon_secondary_color":"#808080","icon_size":{"unit":"px","size":12,"sizes":[]},"icon_padding":{"unit":"em","size":0.8,"sizes":[]},"icon_spacing":{"unit":"px","size":10,"sizes":[]},"image_border_width":{"unit":"px","top":"1","right":"1","bottom":"1","left":"1","isLinked":true},"image_border_color":"#808080","shape":"square"},"elements":[],"isInner":false,"widgetType":"social-icons","elType":"widget"}],"isInner":true,"elType":"column"}],"isInner":true,"elType":"section"}],"isInner":false,"elType":"column"}],"isInner":false,"elType":"section"}],"settings":{"template":"default"},"metadata":{"site-sidebar-layout":"no-sidebar","site-content-layout":"page-builder","theme-transparent-header-meta":"default","site-post-title":"disabled","ast-title-bar-display":"disabled","ast-featured-img":"disabled"}}