{"content":[{"id":"53ebcb42","settings":{"gap":"extended","height":"min-height","custom_height":{"unit":"vh","size":80},"background_background":"classic","background_image":{"id":307,"url":"http:\/\/localhost\/wordpress\/wp-content\/uploads\/2021\/07\/pexels-photo-1148998.jpeg"},"background_position":"bottom center","background_repeat":"no-repeat","background_size":"cover","background_overlay_background":"classic","background_overlay_color":"rgba(26,45,132,0.76)","background_overlay_color_stop":{"unit":"%","size":14},"background_overlay_color_b":"#8c0000","background_overlay_gradient_type":"radial","background_overlay_opacity":{"unit":"px","size":0.27},"shape_divider_bottom":"wave-brush","shape_divider_bottom_color":"#ffffff","shape_divider_bottom_width":{"unit":"%","size":180},"shape_divider_bottom_height":{"unit":"px","size":61},"shape_divider_bottom_above_content":"yes","background_attachment":"fixed","css_filters_css_filter":"custom","css_filters_saturate":{"unit":"px","size":63},"css_filters_hue":{"unit":"px","size":74},"border_border":"solid","border_width":{"unit":"px","top":"30","right":"30","bottom":"30","left":"30","isLinked":true},"border_color":"#ffffff","shape_divider_bottom_width_mobile":{"unit":"%","size":256},"html_tag":"header","background_image_tablet":{"url":"","id":""},"background_image_mobile":{"url":"","id":""},"background_video_fallback":{"url":"","id":""},"background_slideshow_gallery":[],"background_hover_image":{"url":"","id":""},"background_hover_image_tablet":{"url":"","id":""},"background_hover_image_mobile":{"url":"","id":""},"background_hover_video_fallback":{"url":"","id":""},"background_hover_slideshow_gallery":[],"background_overlay_image":{"url":"","id":""},"background_overlay_image_tablet":{"url":"","id":""},"background_overlay_image_mobile":{"url":"","id":""},"background_overlay_video_fallback":{"url":"","id":""},"background_overlay_slideshow_gallery":[],"background_overlay_hover_image":{"url":"","id":""},"background_overlay_hover_image_tablet":{"url":"","id":""},"background_overlay_hover_image_mobile":{"url":"","id":""},"background_overlay_hover_video_fallback":{"url":"","id":""},"background_overlay_hover_slideshow_gallery":[]},"elements":[{"id":"1dd4e851","settings":{"_column_size":100,"_inline_size":null,"margin":{"unit":"px","top":"","right":"","bottom":"","left":"","isLinked":false},"margin_tablet":{"unit":"px","top":"","right":"","bottom":"","left":"","isLinked":false},"margin_mobile":{"unit":"%","top":"","right":"","bottom":"","left":"","isLinked":true},"padding":{"unit":"px","top":"","right":"","bottom":"","left":"","isLinked":false},"background_image":{"url":"","id":""},"background_image_tablet":{"url":"","id":""},"background_image_mobile":{"url":"","id":""},"background_video_fallback":{"url":"","id":""},"background_slideshow_gallery":[],"background_hover_image":{"url":"","id":""},"background_hover_image_tablet":{"url":"","id":""},"background_hover_image_mobile":{"url":"","id":""},"background_hover_video_fallback":{"url":"","id":""},"background_hover_slideshow_gallery":[],"background_overlay_image":{"url":"","id":""},"background_overlay_image_tablet":{"url":"","id":""},"background_overlay_image_mobile":{"url":"","id":""},"background_overlay_video_fallback":{"url":"","id":""},"background_overlay_slideshow_gallery":[],"background_overlay_hover_image":{"url":"","id":""},"background_overlay_hover_image_tablet":{"url":"","id":""},"background_overlay_hover_image_mobile":{"url":"","id":""},"background_overlay_hover_video_fallback":{"url":"","id":""},"background_overlay_hover_slideshow_gallery":[]},"elements":[{"id":"678aaa61","settings":{"title":"Your neighborhood caretakers","header_size":"h3","align":"center","title_color":"#ffffff","typography_typography":"custom","typography_font_family":"Karla","typography_font_size":{"unit":"px","size":16},"typography_font_size_mobile":{"unit":"px","size":14},"typography_font_weight":"bold","typography_text_transform":"uppercase","typography_letter_spacing":{"unit":"px","size":13},"typography_letter_spacing_tablet":{"unit":"px","size":3.3},"typography_letter_spacing_mobile":{"unit":"px","size":0},"_animation":"fadeIn","_animation_delay":300,"_background_image":{"url":"","id":""},"_background_image_tablet":{"url":"","id":""},"_background_image_mobile":{"url":"","id":""},"_background_video_fallback":{"url":"","id":""},"_background_slideshow_gallery":[],"_background_hover_image":{"url":"","id":""},"_background_hover_image_tablet":{"url":"","id":""},"_background_hover_image_mobile":{"url":"","id":""},"_background_hover_video_fallback":{"url":"","id":""},"_background_hover_slideshow_gallery":[],"_mask_image":{"url":"","id":""}},"elements":[],"isInner":false,"widgetType":"heading","elType":"widget"},{"id":"13ee5539","settings":{"title":"Welcome to our childcare center","header_size":"h1","align":"center","title_color":"#ffffff","typography_typography":"custom","typography_font_family":"Rammetto One","typography_font_size":{"unit":"px","size":70},"typography_font_size_tablet":{"unit":"px","size":45},"typography_font_size_mobile":{"unit":"px","size":35},"typography_font_weight":"bold","typography_text_transform":"uppercase","text_shadow_text_shadow":{"horizontal":-4,"vertical":2,"blur":0,"color":"rgba(0,0,0,0.3)"},"_animation":"fadeInDown","text_shadow_text_shadow_type":"yes","_background_image":{"url":"","id":""},"_background_image_tablet":{"url":"","id":""},"_background_image_mobile":{"url":"","id":""},"_background_video_fallback":{"url":"","id":""},"_background_slideshow_gallery":[],"_background_hover_image":{"url":"","id":""},"_background_hover_image_tablet":{"url":"","id":""},"_background_hover_image_mobile":{"url":"","id":""},"_background_hover_video_fallback":{"url":"","id":""},"_background_hover_slideshow_gallery":[],"_mask_image":{"url":"","id":""}},"elements":[],"isInner":false,"widgetType":"heading","elType":"widget"},{"id":"6f764a5e","settings":{"text":"Apply Today","align":"center","typography_typography":"custom","typography_font_family":"Montserrat","typography_font_size":{"unit":"px","size":20},"typography_font_weight":"bold","typography_text_transform":"uppercase","button_text_color":"#ffffff","background_color":"#ef2b5f","hover_animation":"hang","text_padding":{"unit":"px","top":"20","right":"30","bottom":"20","left":"30","isLinked":false},"_animation":"fadeInUp","_animation_delay":600,"icon":"fa fa-arrow-right","icon_align":"right","icon_indent":{"unit":"px","size":16},"_padding":{"unit":"em","top":"3","right":"0","bottom":"0","left":"0","isLinked":false},"selected_icon":{"value":"fas fa-arrow-right","library":"fa-solid"},"_background_image":{"url":"","id":""},"_background_image_tablet":{"url":"","id":""},"_background_image_mobile":{"url":"","id":""},"_background_video_fallback":{"url":"","id":""},"_background_slideshow_gallery":[],"_background_hover_image":{"url":"","id":""},"_background_hover_image_tablet":{"url":"","id":""},"_background_hover_image_mobile":{"url":"","id":""},"_background_hover_video_fallback":{"url":"","id":""},"_background_hover_slideshow_gallery":[],"background_video_fallback":{"url":"","id":""},"background_slideshow_gallery":[],"button_background_hover_video_fallback":{"url":"","id":""},"button_background_hover_slideshow_gallery":[],"_mask_image":{"url":"","id":""}},"elements":[],"isInner":false,"widgetType":"button","elType":"widget"}],"isInner":false,"elType":"column"}],"isInner":false,"elType":"section"},{"id":"29bf534","settings":{"gap":"extended","structure":"20","shape_divider_top_height":{"unit":"px","size":500},"padding":{"unit":"em","top":"6","right":"0","bottom":"3","left":"0","isLinked":false},"background_background":"classic","background_overlay_background":"classic","background_overlay_opacity":{"unit":"px","size":0.73},"background_overlay_position":"center right","shape_divider_top_flip":"yes","background_overlay_size":"auto","css_filters_css_filter":"custom","css_filters_brightness":{"unit":"px","size":98},"css_filters_saturate":{"unit":"px","size":200},"css_filters_hue":{"unit":"px","size":328},"padding_tablet":{"unit":"px","top":"0","right":"0","bottom":"0","left":"0","isLinked":true},"html_tag":"section","background_color":"#ffffff","reverse_order_tablet":"reverse-tablet","background_image":{"url":"","id":""},"background_image_tablet":{"url":"","id":""},"background_image_mobile":{"url":"","id":""},"background_video_fallback":{"url":"","id":""},"background_slideshow_gallery":[],"background_hover_image":{"url":"","id":""},"background_hover_image_tablet":{"url":"","id":""},"background_hover_image_mobile":{"url":"","id":""},"background_hover_video_fallback":{"url":"","id":""},"background_hover_slideshow_gallery":[],"background_overlay_image":{"url":"","id":""},"background_overlay_image_tablet":{"url":"","id":""},"background_overlay_image_mobile":{"url":"","id":""},"background_overlay_video_fallback":{"url":"","id":""},"background_overlay_slideshow_gallery":[],"background_overlay_hover_image":{"url":"","id":""},"background_overlay_hover_image_tablet":{"url":"","id":""},"background_overlay_hover_image_mobile":{"url":"","id":""},"background_overlay_hover_video_fallback":{"url":"","id":""},"background_overlay_hover_slideshow_gallery":[]},"elements":[{"id":"6d54af9","settings":{"_column_size":50,"_inline_size":null,"_inline_size_tablet":60,"padding":{"unit":"em","top":"2","right":"2","bottom":"2","left":"2","isLinked":true},"background_image":{"url":"","id":""},"background_image_tablet":{"url":"","id":""},"background_image_mobile":{"url":"","id":""},"background_video_fallback":{"url":"","id":""},"background_slideshow_gallery":[],"background_hover_image":{"url":"","id":""},"background_hover_image_tablet":{"url":"","id":""},"background_hover_image_mobile":{"url":"","id":""},"background_hover_video_fallback":{"url":"","id":""},"background_hover_slideshow_gallery":[],"background_overlay_image":{"url":"","id":""},"background_overlay_image_tablet":{"url":"","id":""},"background_overlay_image_mobile":{"url":"","id":""},"background_overlay_video_fallback":{"url":"","id":""},"background_overlay_slideshow_gallery":[],"background_overlay_hover_image":{"url":"","id":""},"background_overlay_hover_image_tablet":{"url":"","id":""},"background_overlay_hover_image_mobile":{"url":"","id":""},"background_overlay_hover_video_fallback":{"url":"","id":""},"background_overlay_hover_slideshow_gallery":[]},"elements":[{"id":"7ac4af23","settings":{"title":"History of our childcare center.","title_color":"#020202","typography_typography":"custom","typography_font_family":"Rammetto One","typography_font_size":{"unit":"px","size":35},"typography_font_size_mobile":{"unit":"px","size":25},"typography_font_weight":"bold","typography_text_transform":"uppercase","text_shadow_text_shadow":{"horizontal":-4,"vertical":2,"blur":0,"color":"rgba(0,0,0,0.3)"},"_animation":"fadeInUp","_animation_delay":300,"_background_image":{"url":"","id":""},"_background_image_tablet":{"url":"","id":""},"_background_image_mobile":{"url":"","id":""},"_background_video_fallback":{"url":"","id":""},"_background_slideshow_gallery":[],"_background_hover_image":{"url":"","id":""},"_background_hover_image_tablet":{"url":"","id":""},"_background_hover_image_mobile":{"url":"","id":""},"_background_hover_video_fallback":{"url":"","id":""},"_background_hover_slideshow_gallery":[],"_mask_image":{"url":"","id":""}},"elements":[],"isInner":false,"widgetType":"heading","elType":"widget"},{"id":"4f3cd25d","settings":{"editor":"<p>Nunc vehicula sapien diam, sed iaculis ex sodales vel. Mauris auctor sem et orci sollicitudin, quis volutpat felis pellentesque. Aenean id massa laoreet, pellentesque velit a, convallis risus.<\/p><p>Curabitur non tortor hendrerit, interdum odio ut, facilisis tellus. Sed eros nunc, hendrerit eu sem ac, egestas tincidunt urna. Aenean pretium feugiat ante vitae congue. In nec urna pulvinar, tincidunt elit eu, pulvinar libero. Vivamus bibendum id ligula vitae lobortis. Donec neque ex, tincidunt ut rhoncus sit amet, consequat non leo.<\/p>","typography_typography":"custom","typography_font_family":"Karla","typography_line_height":{"unit":"em","size":1.6},"typography_font_size":{"unit":"rem","size":1},"_margin":{"unit":"px","top":"30","right":"0","bottom":"60","left":"0","isLinked":false},"align_mobile":"justify","_background_image":{"url":"","id":""},"_background_image_tablet":{"url":"","id":""},"_background_image_mobile":{"url":"","id":""},"_background_video_fallback":{"url":"","id":""},"_background_slideshow_gallery":[],"_background_hover_image":{"url":"","id":""},"_background_hover_image_tablet":{"url":"","id":""},"_background_hover_image_mobile":{"url":"","id":""},"_background_hover_video_fallback":{"url":"","id":""},"_background_hover_slideshow_gallery":[],"_mask_image":{"url":"","id":""}},"elements":[],"isInner":false,"widgetType":"text-editor","elType":"widget"},{"id":"2240a2eb","settings":{"text":"Our Care System","align":"left","typography_typography":"custom","typography_font_family":"Montserrat","typography_font_size":{"unit":"rem","size":1},"typography_font_weight":"bold","typography_text_transform":"uppercase","button_text_color":"#ef2b5f","background_color":"rgba(64,206,214,0)","hover_animation":"hang","text_padding":{"unit":"px","top":"20","right":"30","bottom":"20","left":"30","isLinked":false},"icon":"fa fa-arrow-right","icon_align":"right","typography_line_height":{"unit":"em","size":1.3},"_animation":"fadeInUp","_animation_delay":600,"_margin_tablet":{"unit":"px","top":"0","right":"0","bottom":"0","left":"0","isLinked":false},"_padding_tablet":{"unit":"px","top":"0","right":"0","bottom":"0","left":"0","isLinked":false},"selected_icon":{"value":"fas fa-arrow-right","library":"fa-solid"},"_background_image":{"url":"","id":""},"_background_image_tablet":{"url":"","id":""},"_background_image_mobile":{"url":"","id":""},"_background_video_fallback":{"url":"","id":""},"_background_slideshow_gallery":[],"_background_hover_image":{"url":"","id":""},"_background_hover_image_tablet":{"url":"","id":""},"_background_hover_image_mobile":{"url":"","id":""},"_background_hover_video_fallback":{"url":"","id":""},"_background_hover_slideshow_gallery":[],"background_video_fallback":{"url":"","id":""},"background_slideshow_gallery":[],"button_background_hover_video_fallback":{"url":"","id":""},"button_background_hover_slideshow_gallery":[],"_mask_image":{"url":"","id":""}},"elements":[],"isInner":false,"widgetType":"button","elType":"widget"}],"isInner":false,"elType":"column"},{"id":"9b68589","settings":{"_column_size":50,"_inline_size":null,"_inline_size_tablet":40,"padding_tablet":{"unit":"em","top":"0","right":"0","bottom":"0","left":"2","isLinked":false},"padding_mobile":{"unit":"em","top":"0","right":"2","bottom":"2","left":"2","isLinked":false},"background_image":{"url":"","id":""},"background_image_tablet":{"url":"","id":""},"background_image_mobile":{"url":"","id":""},"background_video_fallback":{"url":"","id":""},"background_slideshow_gallery":[],"background_hover_image":{"url":"","id":""},"background_hover_image_tablet":{"url":"","id":""},"background_hover_image_mobile":{"url":"","id":""},"background_hover_video_fallback":{"url":"","id":""},"background_hover_slideshow_gallery":[],"background_overlay_image":{"url":"","id":""},"background_overlay_image_tablet":{"url":"","id":""},"background_overlay_image_mobile":{"url":"","id":""},"background_overlay_video_fallback":{"url":"","id":""},"background_overlay_slideshow_gallery":[],"background_overlay_hover_image":{"url":"","id":""},"background_overlay_hover_image_tablet":{"url":"","id":""},"background_overlay_hover_image_mobile":{"url":"","id":""},"background_overlay_hover_video_fallback":{"url":"","id":""},"background_overlay_hover_slideshow_gallery":[]},"elements":[{"id":"2563d94d","settings":{"image":{"id":308,"url":"http:\/\/localhost\/wordpress\/wp-content\/uploads\/2021\/07\/slider8.jpg"},"image_border_border":"dashed","image_border_width":{"unit":"px","top":"10","right":"10","bottom":"10","left":"10","isLinked":true},"image_border_color":"#049de1","image_border_radius":{"unit":"%","top":"100","right":"100","bottom":"100","left":"100","isLinked":true},"image_size":"custom","image_custom_dimension":{"width":"400","height":"400"},"css_filters_css_filter":"custom","css_filters_saturate":{"unit":"px","size":120},"_background_image":{"url":"","id":""},"_background_image_tablet":{"url":"","id":""},"_background_image_mobile":{"url":"","id":""},"_background_video_fallback":{"url":"","id":""},"_background_slideshow_gallery":[],"_background_hover_image":{"url":"","id":""},"_background_hover_image_tablet":{"url":"","id":""},"_background_hover_image_mobile":{"url":"","id":""},"_background_hover_video_fallback":{"url":"","id":""},"_background_hover_slideshow_gallery":[],"_mask_image":{"url":"","id":""}},"elements":[],"isInner":false,"widgetType":"image","elType":"widget"}],"isInner":false,"elType":"column"}],"isInner":false,"elType":"section"},{"id":"597c7452","settings":{"gap":"extended","background_background":"classic","background_image":{"id":310,"url":"http:\/\/localhost\/wordpress\/wp-content\/uploads\/2021\/07\/pexels-photo-1428171.jpeg"},"background_position":"bottom center","background_size":"cover","background_overlay_background":"classic","background_overlay_color":"rgba(21,119,46,0.48)","shape_divider_top":"wave-brush","shape_divider_top_color":"#ffffff","shape_divider_top_width":{"unit":"%","size":166},"shape_divider_top_height":{"unit":"px","size":60},"shape_divider_bottom":"wave-brush","shape_divider_bottom_color":"#ffffff","shape_divider_bottom_width":{"unit":"%","size":124},"shape_divider_bottom_height":{"unit":"px","size":35},"padding":{"unit":"px","top":"100","right":"0","bottom":"100","left":"0","isLinked":false},"content_position":"middle","structure":"22","background_attachment":"fixed","background_overlay_opacity":{"unit":"px","size":0.59},"css_filters_css_filter":"custom","css_filters_saturate":{"unit":"px","size":93},"css_filters_hue":{"unit":"px","size":48},"overlay_blend_mode":"darken","border_border":"solid","border_width":{"unit":"px","top":"0","right":"30","bottom":"0","left":"30","isLinked":false},"border_color":"#ffffff","shape_divider_top_width_tablet":{"unit":"%","size":219},"shape_divider_bottom_width_tablet":{"unit":"%","size":198},"padding_tablet":{"unit":"em","top":"5","right":"2","bottom":"3","left":"2","isLinked":false},"html_tag":"section","background_image_tablet":{"url":"","id":""},"background_image_mobile":{"url":"","id":""},"background_video_fallback":{"url":"","id":""},"background_slideshow_gallery":[],"background_hover_image":{"url":"","id":""},"background_hover_image_tablet":{"url":"","id":""},"background_hover_image_mobile":{"url":"","id":""},"background_hover_video_fallback":{"url":"","id":""},"background_hover_slideshow_gallery":[],"background_overlay_image":{"url":"","id":""},"background_overlay_image_tablet":{"url":"","id":""},"background_overlay_image_mobile":{"url":"","id":""},"background_overlay_video_fallback":{"url":"","id":""},"background_overlay_slideshow_gallery":[],"background_overlay_hover_image":{"url":"","id":""},"background_overlay_hover_image_tablet":{"url":"","id":""},"background_overlay_hover_image_mobile":{"url":"","id":""},"background_overlay_hover_video_fallback":{"url":"","id":""},"background_overlay_hover_slideshow_gallery":[]},"elements":[{"id":"1718996d","settings":{"_column_size":66,"margin":{"unit":"px","top":"","right":"","bottom":"","left":"","isLinked":false},"margin_mobile":{"unit":"%","top":"","right":"","bottom":"","left":"","isLinked":true},"_inline_size":null,"_inline_size_tablet":70,"_inline_size_mobile":100,"background_image":{"url":"","id":""},"background_image_tablet":{"url":"","id":""},"background_image_mobile":{"url":"","id":""},"background_video_fallback":{"url":"","id":""},"background_slideshow_gallery":[],"background_hover_image":{"url":"","id":""},"background_hover_image_tablet":{"url":"","id":""},"background_hover_image_mobile":{"url":"","id":""},"background_hover_video_fallback":{"url":"","id":""},"background_hover_slideshow_gallery":[],"background_overlay_image":{"url":"","id":""},"background_overlay_image_tablet":{"url":"","id":""},"background_overlay_image_mobile":{"url":"","id":""},"background_overlay_video_fallback":{"url":"","id":""},"background_overlay_slideshow_gallery":[],"background_overlay_hover_image":{"url":"","id":""},"background_overlay_hover_image_tablet":{"url":"","id":""},"background_overlay_hover_image_mobile":{"url":"","id":""},"background_overlay_hover_video_fallback":{"url":"","id":""},"background_overlay_hover_slideshow_gallery":[]},"elements":[{"id":"6c7ee54e","settings":{"title":"Children learn to smile from their parents.","header_size":"h3","title_color":"#ffffff","typography_typography":"custom","typography_font_family":"Rammetto One","typography_font_size":{"unit":"rem","size":2.8},"typography_font_size_mobile":{"unit":"px","size":25},"typography_font_weight":"bold","text_shadow_text_shadow":{"horizontal":-4,"vertical":2,"blur":0,"color":"rgba(0,0,0,0.3)"},"_animation":"fadeInUp","typography_text_transform":"uppercase","typography_line_height":{"unit":"em","size":1.4},"text_shadow_text_shadow_type":"yes","_animation_delay":300,"_background_image":{"url":"","id":""},"_background_image_tablet":{"url":"","id":""},"_background_image_mobile":{"url":"","id":""},"_background_video_fallback":{"url":"","id":""},"_background_slideshow_gallery":[],"_background_hover_image":{"url":"","id":""},"_background_hover_image_tablet":{"url":"","id":""},"_background_hover_image_mobile":{"url":"","id":""},"_background_hover_video_fallback":{"url":"","id":""},"_background_hover_slideshow_gallery":[],"_mask_image":{"url":"","id":""}},"elements":[],"isInner":false,"widgetType":"heading","elType":"widget"},{"id":"17544674","settings":{"editor":"<p>Egestas tincidunt urna. Aenean pretium feugiat ante vitae congue.&nbsp;<br><\/p>","align":"left","typography_typography":"custom","typography_font_family":"Karla","typography_font_size":{"unit":"rem","size":1.3},"typography_line_height":{"unit":"em","size":1.6},"_margin":{"unit":"px","top":"0","right":"0","bottom":"0","left":"0","isLinked":false},"text_color":"#ffffff","_background_image":{"url":"","id":""},"_background_image_tablet":{"url":"","id":""},"_background_image_mobile":{"url":"","id":""},"_background_video_fallback":{"url":"","id":""},"_background_slideshow_gallery":[],"_background_hover_image":{"url":"","id":""},"_background_hover_image_tablet":{"url":"","id":""},"_background_hover_image_mobile":{"url":"","id":""},"_background_hover_video_fallback":{"url":"","id":""},"_background_hover_slideshow_gallery":[],"_mask_image":{"url":"","id":""}},"elements":[],"isInner":false,"widgetType":"text-editor","elType":"widget"}],"isInner":false,"elType":"column"},{"id":"37803018","settings":{"_column_size":33,"_inline_size":null,"_inline_size_tablet":30,"_inline_size_mobile":100,"background_image":{"url":"","id":""},"background_image_tablet":{"url":"","id":""},"background_image_mobile":{"url":"","id":""},"background_video_fallback":{"url":"","id":""},"background_slideshow_gallery":[],"background_hover_image":{"url":"","id":""},"background_hover_image_tablet":{"url":"","id":""},"background_hover_image_mobile":{"url":"","id":""},"background_hover_video_fallback":{"url":"","id":""},"background_hover_slideshow_gallery":[],"background_overlay_image":{"url":"","id":""},"background_overlay_image_tablet":{"url":"","id":""},"background_overlay_image_mobile":{"url":"","id":""},"background_overlay_video_fallback":{"url":"","id":""},"background_overlay_slideshow_gallery":[],"background_overlay_hover_image":{"url":"","id":""},"background_overlay_hover_image_tablet":{"url":"","id":""},"background_overlay_hover_image_mobile":{"url":"","id":""},"background_overlay_hover_video_fallback":{"url":"","id":""},"background_overlay_hover_slideshow_gallery":[]},"elements":[{"id":"5d9bc99e","settings":{"youtube_url":"https:\/\/www.youtube.com\/watch?v=naG7PHLGJKY","vimeo_url":"https:\/\/vimeo.com\/235215203","dailymotion_url":"https:\/\/www.dailymotion.com\/video\/x6koazf","controls":"","showinfo":"","show_image_overlay":"yes","image_overlay":{"id":309,"url":"http:\/\/localhost\/wordpress\/wp-content\/uploads\/2021\/07\/transparent.png"},"image_overlay_size":"thumbnail","image_overlay_custom_dimension":{"width":"1","height":"1"},"lightbox":"yes","play_icon_color":"#ffffff","play_icon_size_mobile":{"unit":"px","size":143},"hosted_url":{"url":"","id":""},"poster":{"url":"","id":""},"_background_image":{"url":"","id":""},"_background_image_tablet":{"url":"","id":""},"_background_image_mobile":{"url":"","id":""},"_background_video_fallback":{"url":"","id":""},"_background_slideshow_gallery":[],"_background_hover_image":{"url":"","id":""},"_background_hover_image_tablet":{"url":"","id":""},"_background_hover_image_mobile":{"url":"","id":""},"_background_hover_video_fallback":{"url":"","id":""},"_background_hover_slideshow_gallery":[],"_mask_image":{"url":"","id":""}},"elements":[],"isInner":false,"widgetType":"video","elType":"widget"}],"isInner":false,"elType":"column"}],"isInner":false,"elType":"section"},{"id":"5e78b6f8","settings":{"gap":"no","background_background":"classic","background_color":"#ffffff","shape_divider_top":"wave-brush","shape_divider_top_width":{"unit":"%","size":196},"shape_divider_top_height":{"unit":"px","size":28},"padding":{"unit":"px","top":"60","right":"0","bottom":"60","left":"0","isLinked":false},"html_tag":"section","background_image":{"url":"","id":""},"background_image_tablet":{"url":"","id":""},"background_image_mobile":{"url":"","id":""},"background_video_fallback":{"url":"","id":""},"background_slideshow_gallery":[],"background_hover_image":{"url":"","id":""},"background_hover_image_tablet":{"url":"","id":""},"background_hover_image_mobile":{"url":"","id":""},"background_hover_video_fallback":{"url":"","id":""},"background_hover_slideshow_gallery":[],"background_overlay_image":{"url":"","id":""},"background_overlay_image_tablet":{"url":"","id":""},"background_overlay_image_mobile":{"url":"","id":""},"background_overlay_video_fallback":{"url":"","id":""},"background_overlay_slideshow_gallery":[],"background_overlay_hover_image":{"url":"","id":""},"background_overlay_hover_image_tablet":{"url":"","id":""},"background_overlay_hover_image_mobile":{"url":"","id":""},"background_overlay_hover_video_fallback":{"url":"","id":""},"background_overlay_hover_slideshow_gallery":[]},"elements":[{"id":"63887d56","settings":{"_column_size":100,"padding":{"unit":"px","top":"15","right":"15","bottom":"15","left":"15","isLinked":true},"background_image":{"url":"","id":""},"background_image_tablet":{"url":"","id":""},"background_image_mobile":{"url":"","id":""},"background_video_fallback":{"url":"","id":""},"background_slideshow_gallery":[],"background_hover_image":{"url":"","id":""},"background_hover_image_tablet":{"url":"","id":""},"background_hover_image_mobile":{"url":"","id":""},"background_hover_video_fallback":{"url":"","id":""},"background_hover_slideshow_gallery":[],"background_overlay_image":{"url":"","id":""},"background_overlay_image_tablet":{"url":"","id":""},"background_overlay_image_mobile":{"url":"","id":""},"background_overlay_video_fallback":{"url":"","id":""},"background_overlay_slideshow_gallery":[],"background_overlay_hover_image":{"url":"","id":""},"background_overlay_hover_image_tablet":{"url":"","id":""},"background_overlay_hover_image_mobile":{"url":"","id":""},"background_overlay_hover_video_fallback":{"url":"","id":""},"background_overlay_hover_slideshow_gallery":[]},"elements":[{"id":"42b9cb6c","settings":{"editor":"<p>\u00a0tortor hendrerit<\/p>","text_color":"#000000","typography_typography":"custom","typography_font_family":"Karla","typography_font_size_mobile":{"unit":"px","size":14},"typography_text_transform":"uppercase","typography_letter_spacing_tablet":{"unit":"px","size":3.3},"typography_letter_spacing_mobile":{"unit":"px","size":0},"align":"center","typography_font_weight":"bold","_animation":"fadeInDown","typography_letter_spacing":{"unit":"px","size":0.5},"_background_image":{"url":"","id":""},"_background_image_tablet":{"url":"","id":""},"_background_image_mobile":{"url":"","id":""},"_background_video_fallback":{"url":"","id":""},"_background_slideshow_gallery":[],"_background_hover_image":{"url":"","id":""},"_background_hover_image_tablet":{"url":"","id":""},"_background_hover_image_mobile":{"url":"","id":""},"_background_hover_video_fallback":{"url":"","id":""},"_background_hover_slideshow_gallery":[],"_mask_image":{"url":"","id":""}},"elements":[],"isInner":false,"widgetType":"text-editor","elType":"widget"},{"id":"2870cda7","settings":{"title":"What we do.","title_color":"#000000","typography_typography":"custom","typography_font_family":"Rammetto One","typography_font_size":{"unit":"px","size":35},"typography_font_size_mobile":{"unit":"px","size":25},"typography_font_weight":"bold","typography_text_transform":"uppercase","text_shadow_text_shadow":{"horizontal":-4,"vertical":2,"blur":0,"color":"rgba(0,0,0,0.3)"},"align":"center","_animation":"fadeInUp","_animation_delay":300,"_background_image":{"url":"","id":""},"_background_image_tablet":{"url":"","id":""},"_background_image_mobile":{"url":"","id":""},"_background_video_fallback":{"url":"","id":""},"_background_slideshow_gallery":[],"_background_hover_image":{"url":"","id":""},"_background_hover_image_tablet":{"url":"","id":""},"_background_hover_image_mobile":{"url":"","id":""},"_background_hover_video_fallback":{"url":"","id":""},"_background_hover_slideshow_gallery":[],"_mask_image":{"url":"","id":""}},"elements":[],"isInner":false,"widgetType":"heading","elType":"widget"},{"id":"49073cfb","settings":{"gap":"extended","structure":"30","margin":{"unit":"px","top":"45","right":0,"bottom":"0","left":0,"isLinked":false},"background_image":{"url":"","id":""},"background_image_tablet":{"url":"","id":""},"background_image_mobile":{"url":"","id":""},"background_video_fallback":{"url":"","id":""},"background_slideshow_gallery":[],"background_hover_image":{"url":"","id":""},"background_hover_image_tablet":{"url":"","id":""},"background_hover_image_mobile":{"url":"","id":""},"background_hover_video_fallback":{"url":"","id":""},"background_hover_slideshow_gallery":[],"background_overlay_image":{"url":"","id":""},"background_overlay_image_tablet":{"url":"","id":""},"background_overlay_image_mobile":{"url":"","id":""},"background_overlay_video_fallback":{"url":"","id":""},"background_overlay_slideshow_gallery":[],"background_overlay_hover_image":{"url":"","id":""},"background_overlay_hover_image_tablet":{"url":"","id":""},"background_overlay_hover_image_mobile":{"url":"","id":""},"background_overlay_hover_video_fallback":{"url":"","id":""},"background_overlay_hover_slideshow_gallery":[]},"elements":[{"id":"46d413a9","settings":{"_column_size":33,"_inline_size":null,"_inline_size_tablet":33,"animation":"fadeIn","animation_duration":"slow","background_image":{"url":"","id":""},"background_image_tablet":{"url":"","id":""},"background_image_mobile":{"url":"","id":""},"background_video_fallback":{"url":"","id":""},"background_slideshow_gallery":[],"background_hover_image":{"url":"","id":""},"background_hover_image_tablet":{"url":"","id":""},"background_hover_image_mobile":{"url":"","id":""},"background_hover_video_fallback":{"url":"","id":""},"background_hover_slideshow_gallery":[],"background_overlay_image":{"url":"","id":""},"background_overlay_image_tablet":{"url":"","id":""},"background_overlay_image_mobile":{"url":"","id":""},"background_overlay_video_fallback":{"url":"","id":""},"background_overlay_slideshow_gallery":[],"background_overlay_hover_image":{"url":"","id":""},"background_overlay_hover_image_tablet":{"url":"","id":""},"background_overlay_hover_image_mobile":{"url":"","id":""},"background_overlay_hover_video_fallback":{"url":"","id":""},"background_overlay_hover_slideshow_gallery":[]},"elements":[{"id":"24087f87","settings":{"image":{"id":311,"url":"http:\/\/localhost\/wordpress\/wp-content\/uploads\/2021\/07\/icon2.jpg"},"width":{"unit":"px","size":110},"image_border_border":"dashed","image_border_width":{"unit":"px","top":"5","right":"5","bottom":"5","left":"5","isLinked":true},"image_border_color":"#09917f","image_border_radius":{"unit":"%","top":"100","right":"100","bottom":"100","left":"100","isLinked":true},"_background_image":{"url":"","id":""},"_background_image_tablet":{"url":"","id":""},"_background_image_mobile":{"url":"","id":""},"_background_video_fallback":{"url":"","id":""},"_background_slideshow_gallery":[],"_background_hover_image":{"url":"","id":""},"_background_hover_image_tablet":{"url":"","id":""},"_background_hover_image_mobile":{"url":"","id":""},"_background_hover_video_fallback":{"url":"","id":""},"_background_hover_slideshow_gallery":[],"_mask_image":{"url":"","id":""}},"elements":[],"isInner":false,"widgetType":"image","elType":"widget"},{"id":"723549f9","settings":{"title":"Daycare","header_size":"h3","align":"center","title_color":"#020202","typography_typography":"custom","typography_font_family":"Rammetto One","typography_font_size":{"unit":"px","size":20},"typography_font_size_mobile":{"unit":"px","size":25},"typography_font_weight":"bold","typography_text_transform":"uppercase","text_shadow_text_shadow":{"horizontal":-4,"vertical":2,"blur":0,"color":"rgba(0,0,0,0.3)"},"_background_image":{"url":"","id":""},"_background_image_tablet":{"url":"","id":""},"_background_image_mobile":{"url":"","id":""},"_background_video_fallback":{"url":"","id":""},"_background_slideshow_gallery":[],"_background_hover_image":{"url":"","id":""},"_background_hover_image_tablet":{"url":"","id":""},"_background_hover_image_mobile":{"url":"","id":""},"_background_hover_video_fallback":{"url":"","id":""},"_background_hover_slideshow_gallery":[],"_mask_image":{"url":"","id":""}},"elements":[],"isInner":false,"widgetType":"heading","elType":"widget"},{"id":"76b56ca1","settings":{"editor":"<p>Egestas tincidunt urna. Aenean pretium feugiat ante vitae congue.&nbsp;<br><\/p>","align":"center","typography_typography":"custom","typography_font_family":"Karla","typography_font_size":{"unit":"rem","size":1},"typography_line_height":{"unit":"em","size":1.6},"_margin":{"unit":"px","top":"60","right":"0","bottom":"60","left":"0","isLinked":false},"_background_image":{"url":"","id":""},"_background_image_tablet":{"url":"","id":""},"_background_image_mobile":{"url":"","id":""},"_background_video_fallback":{"url":"","id":""},"_background_slideshow_gallery":[],"_background_hover_image":{"url":"","id":""},"_background_hover_image_tablet":{"url":"","id":""},"_background_hover_image_mobile":{"url":"","id":""},"_background_hover_video_fallback":{"url":"","id":""},"_background_hover_slideshow_gallery":[],"_mask_image":{"url":"","id":""}},"elements":[],"isInner":false,"widgetType":"text-editor","elType":"widget"}],"isInner":true,"elType":"column"},{"id":"7049c7f0","settings":{"_column_size":33,"_inline_size":null,"_inline_size_tablet":33,"animation":"fadeIn","animation_duration":"slow","animation_delay":300,"background_image":{"url":"","id":""},"background_image_tablet":{"url":"","id":""},"background_image_mobile":{"url":"","id":""},"background_video_fallback":{"url":"","id":""},"background_slideshow_gallery":[],"background_hover_image":{"url":"","id":""},"background_hover_image_tablet":{"url":"","id":""},"background_hover_image_mobile":{"url":"","id":""},"background_hover_video_fallback":{"url":"","id":""},"background_hover_slideshow_gallery":[],"background_overlay_image":{"url":"","id":""},"background_overlay_image_tablet":{"url":"","id":""},"background_overlay_image_mobile":{"url":"","id":""},"background_overlay_video_fallback":{"url":"","id":""},"background_overlay_slideshow_gallery":[],"background_overlay_hover_image":{"url":"","id":""},"background_overlay_hover_image_tablet":{"url":"","id":""},"background_overlay_hover_image_mobile":{"url":"","id":""},"background_overlay_hover_video_fallback":{"url":"","id":""},"background_overlay_hover_slideshow_gallery":[]},"elements":[{"id":"25035a8f","settings":{"image":{"id":312,"url":"http:\/\/localhost\/wordpress\/wp-content\/uploads\/2021\/07\/icon3.jpg"},"width":{"unit":"px","size":110},"image_border_border":"dashed","image_border_width":{"unit":"px","top":"5","right":"5","bottom":"5","left":"5","isLinked":true},"image_border_color":"#e04552","image_border_radius":{"unit":"%","top":"100","right":"100","bottom":"100","left":"100","isLinked":true},"css_filters_css_filter":"custom","_background_image":{"url":"","id":""},"_background_image_tablet":{"url":"","id":""},"_background_image_mobile":{"url":"","id":""},"_background_video_fallback":{"url":"","id":""},"_background_slideshow_gallery":[],"_background_hover_image":{"url":"","id":""},"_background_hover_image_tablet":{"url":"","id":""},"_background_hover_image_mobile":{"url":"","id":""},"_background_hover_video_fallback":{"url":"","id":""},"_background_hover_slideshow_gallery":[],"_mask_image":{"url":"","id":""}},"elements":[],"isInner":false,"widgetType":"image","elType":"widget"},{"id":"70cbcc01","settings":{"title":"Babysitting","header_size":"h3","align":"center","title_color":"#020202","typography_typography":"custom","typography_font_family":"Rammetto One","typography_font_size":{"unit":"px","size":20},"typography_font_size_mobile":{"unit":"px","size":25},"typography_font_weight":"bold","typography_text_transform":"uppercase","text_shadow_text_shadow":{"horizontal":-4,"vertical":2,"blur":0,"color":"rgba(0,0,0,0.3)"},"_background_image":{"url":"","id":""},"_background_image_tablet":{"url":"","id":""},"_background_image_mobile":{"url":"","id":""},"_background_video_fallback":{"url":"","id":""},"_background_slideshow_gallery":[],"_background_hover_image":{"url":"","id":""},"_background_hover_image_tablet":{"url":"","id":""},"_background_hover_image_mobile":{"url":"","id":""},"_background_hover_video_fallback":{"url":"","id":""},"_background_hover_slideshow_gallery":[],"_mask_image":{"url":"","id":""}},"elements":[],"isInner":false,"widgetType":"heading","elType":"widget"},{"id":"13c6c037","settings":{"editor":"<p>In nec urna pulvinar, tincidunt elit eu, pulvinar libero. <\/p>","align":"center","typography_typography":"custom","typography_font_family":"Karla","typography_font_size":{"unit":"rem","size":1},"typography_line_height":{"unit":"em","size":1.6},"_margin":{"unit":"px","top":"60","right":"0","bottom":"60","left":"0","isLinked":false},"_background_image":{"url":"","id":""},"_background_image_tablet":{"url":"","id":""},"_background_image_mobile":{"url":"","id":""},"_background_video_fallback":{"url":"","id":""},"_background_slideshow_gallery":[],"_background_hover_image":{"url":"","id":""},"_background_hover_image_tablet":{"url":"","id":""},"_background_hover_image_mobile":{"url":"","id":""},"_background_hover_video_fallback":{"url":"","id":""},"_background_hover_slideshow_gallery":[],"_mask_image":{"url":"","id":""}},"elements":[],"isInner":false,"widgetType":"text-editor","elType":"widget"}],"isInner":true,"elType":"column"},{"id":"31e0d79","settings":{"_column_size":33,"_inline_size":null,"_inline_size_tablet":33,"animation":"fadeIn","animation_duration":"slow","animation_delay":600,"background_image":{"url":"","id":""},"background_image_tablet":{"url":"","id":""},"background_image_mobile":{"url":"","id":""},"background_video_fallback":{"url":"","id":""},"background_slideshow_gallery":[],"background_hover_image":{"url":"","id":""},"background_hover_image_tablet":{"url":"","id":""},"background_hover_image_mobile":{"url":"","id":""},"background_hover_video_fallback":{"url":"","id":""},"background_hover_slideshow_gallery":[],"background_overlay_image":{"url":"","id":""},"background_overlay_image_tablet":{"url":"","id":""},"background_overlay_image_mobile":{"url":"","id":""},"background_overlay_video_fallback":{"url":"","id":""},"background_overlay_slideshow_gallery":[],"background_overlay_hover_image":{"url":"","id":""},"background_overlay_hover_image_tablet":{"url":"","id":""},"background_overlay_hover_image_mobile":{"url":"","id":""},"background_overlay_hover_video_fallback":{"url":"","id":""},"background_overlay_hover_slideshow_gallery":[]},"elements":[{"id":"37c1de71","settings":{"image":{"id":313,"url":"http:\/\/localhost\/wordpress\/wp-content\/uploads\/2021\/07\/icon1.jpg"},"width":{"unit":"px","size":110},"image_border_border":"dashed","image_border_width":{"unit":"px","top":"5","right":"5","bottom":"5","left":"5","isLinked":true},"image_border_color":"#f7ce04","image_border_radius":{"unit":"%","top":"100","right":"100","bottom":"100","left":"100","isLinked":true},"css_filters_hue":{"unit":"px","size":160},"_background_image":{"url":"","id":""},"_background_image_tablet":{"url":"","id":""},"_background_image_mobile":{"url":"","id":""},"_background_video_fallback":{"url":"","id":""},"_background_slideshow_gallery":[],"_background_hover_image":{"url":"","id":""},"_background_hover_image_tablet":{"url":"","id":""},"_background_hover_image_mobile":{"url":"","id":""},"_background_hover_video_fallback":{"url":"","id":""},"_background_hover_slideshow_gallery":[],"_mask_image":{"url":"","id":""}},"elements":[],"isInner":false,"widgetType":"image","elType":"widget"},{"id":"133a4a2b","settings":{"title":"Head-Start","header_size":"h3","align":"center","title_color":"#020202","typography_typography":"custom","typography_font_family":"Rammetto One","typography_font_size":{"unit":"px","size":20},"typography_font_size_mobile":{"unit":"px","size":25},"typography_font_weight":"bold","typography_text_transform":"uppercase","text_shadow_text_shadow":{"horizontal":-4,"vertical":2,"blur":0,"color":"rgba(0,0,0,0.3)"},"_background_image":{"url":"","id":""},"_background_image_tablet":{"url":"","id":""},"_background_image_mobile":{"url":"","id":""},"_background_video_fallback":{"url":"","id":""},"_background_slideshow_gallery":[],"_background_hover_image":{"url":"","id":""},"_background_hover_image_tablet":{"url":"","id":""},"_background_hover_image_mobile":{"url":"","id":""},"_background_hover_video_fallback":{"url":"","id":""},"_background_hover_slideshow_gallery":[],"_mask_image":{"url":"","id":""}},"elements":[],"isInner":false,"widgetType":"heading","elType":"widget"},{"id":"21ad343b","settings":{"editor":"<p>Aenean pretium feugiat ante vitae congue. In nec urna pulvinar, tincidunt elit eu.<\/p>","align":"center","typography_typography":"custom","typography_font_family":"Karla","typography_font_size":{"unit":"rem","size":1},"typography_line_height":{"unit":"em","size":1.6},"_margin":{"unit":"px","top":"60","right":"0","bottom":"60","left":"0","isLinked":false},"_background_image":{"url":"","id":""},"_background_image_tablet":{"url":"","id":""},"_background_image_mobile":{"url":"","id":""},"_background_video_fallback":{"url":"","id":""},"_background_slideshow_gallery":[],"_background_hover_image":{"url":"","id":""},"_background_hover_image_tablet":{"url":"","id":""},"_background_hover_image_mobile":{"url":"","id":""},"_background_hover_video_fallback":{"url":"","id":""},"_background_hover_slideshow_gallery":[],"_mask_image":{"url":"","id":""}},"elements":[],"isInner":false,"widgetType":"text-editor","elType":"widget"}],"isInner":true,"elType":"column"}],"isInner":true,"elType":"section"},{"id":"4ac3def5","settings":{"gap":"no","background_image":{"url":"","id":""},"background_image_tablet":{"url":"","id":""},"background_image_mobile":{"url":"","id":""},"background_video_fallback":{"url":"","id":""},"background_slideshow_gallery":[],"background_hover_image":{"url":"","id":""},"background_hover_image_tablet":{"url":"","id":""},"background_hover_image_mobile":{"url":"","id":""},"background_hover_video_fallback":{"url":"","id":""},"background_hover_slideshow_gallery":[],"background_overlay_image":{"url":"","id":""},"background_overlay_image_tablet":{"url":"","id":""},"background_overlay_image_mobile":{"url":"","id":""},"background_overlay_video_fallback":{"url":"","id":""},"background_overlay_slideshow_gallery":[],"background_overlay_hover_image":{"url":"","id":""},"background_overlay_hover_image_tablet":{"url":"","id":""},"background_overlay_hover_image_mobile":{"url":"","id":""},"background_overlay_hover_video_fallback":{"url":"","id":""},"background_overlay_hover_slideshow_gallery":[]},"elements":[{"id":"461d442e","settings":{"_column_size":100,"_inline_size":null,"background_image":{"url":"","id":""},"background_image_tablet":{"url":"","id":""},"background_image_mobile":{"url":"","id":""},"background_video_fallback":{"url":"","id":""},"background_slideshow_gallery":[],"background_hover_image":{"url":"","id":""},"background_hover_image_tablet":{"url":"","id":""},"background_hover_image_mobile":{"url":"","id":""},"background_hover_video_fallback":{"url":"","id":""},"background_hover_slideshow_gallery":[],"background_overlay_image":{"url":"","id":""},"background_overlay_image_tablet":{"url":"","id":""},"background_overlay_image_mobile":{"url":"","id":""},"background_overlay_video_fallback":{"url":"","id":""},"background_overlay_slideshow_gallery":[],"background_overlay_hover_image":{"url":"","id":""},"background_overlay_hover_image_tablet":{"url":"","id":""},"background_overlay_hover_image_mobile":{"url":"","id":""},"background_overlay_hover_video_fallback":{"url":"","id":""},"background_overlay_hover_slideshow_gallery":[]},"elements":[{"id":"767fbd25","settings":{"text":"More services","align":"center","typography_typography":"custom","typography_font_family":"Montserrat","typography_font_size":{"unit":"rem","size":1},"typography_font_weight":"bold","typography_text_transform":"uppercase","button_text_color":"#ef2b5f","background_color":"rgba(64,206,214,0)","hover_animation":"hang","text_padding":{"unit":"px","top":"20","right":"30","bottom":"20","left":"30","isLinked":false},"_animation":"fadeInUp","icon":"fa fa-arrow-right","icon_align":"right","typography_line_height":{"unit":"em","size":1.3},"_animation_delay":600,"selected_icon":{"value":"fas fa-arrow-right","library":"fa-solid"},"_background_image":{"url":"","id":""},"_background_image_tablet":{"url":"","id":""},"_background_image_mobile":{"url":"","id":""},"_background_video_fallback":{"url":"","id":""},"_background_slideshow_gallery":[],"_background_hover_image":{"url":"","id":""},"_background_hover_image_tablet":{"url":"","id":""},"_background_hover_image_mobile":{"url":"","id":""},"_background_hover_video_fallback":{"url":"","id":""},"_background_hover_slideshow_gallery":[],"background_video_fallback":{"url":"","id":""},"background_slideshow_gallery":[],"button_background_hover_video_fallback":{"url":"","id":""},"button_background_hover_slideshow_gallery":[],"_mask_image":{"url":"","id":""}},"elements":[],"isInner":false,"widgetType":"button","elType":"widget"}],"isInner":true,"elType":"column"}],"isInner":true,"elType":"section"}],"isInner":false,"elType":"column"}],"isInner":false,"elType":"section"},{"id":"fabec00","settings":{"gap":"extended","content_position":"middle","background_background":"classic","background_color":"#ef7fbd","padding":{"unit":"em","top":"6","right":"0","bottom":"3","left":"0","isLinked":false},"background_position":"center center","background_overlay_background":"classic","background_overlay_opacity":{"unit":"px","size":0.39},"height":"min-height","background_image":{"id":314,"url":"http:\/\/localhost\/wordpress\/wp-content\/uploads\/2021\/07\/pexels-photo-1317559.jpeg"},"background_size":"cover","background_overlay_color":"#e22f92","border_border":"solid","border_width":{"unit":"px","top":"30","right":"30","bottom":"30","left":"30","isLinked":true},"border_color":"#ffffff","shape_divider_top":"wave-brush","shape_divider_top_width":{"unit":"%","size":195},"shape_divider_top_height":{"unit":"px","size":68},"html_tag":"section","background_image_tablet":{"url":"","id":""},"background_image_mobile":{"url":"","id":""},"background_video_fallback":{"url":"","id":""},"background_slideshow_gallery":[],"background_hover_image":{"url":"","id":""},"background_hover_image_tablet":{"url":"","id":""},"background_hover_image_mobile":{"url":"","id":""},"background_hover_video_fallback":{"url":"","id":""},"background_hover_slideshow_gallery":[],"background_overlay_image":{"url":"","id":""},"background_overlay_image_tablet":{"url":"","id":""},"background_overlay_image_mobile":{"url":"","id":""},"background_overlay_video_fallback":{"url":"","id":""},"background_overlay_slideshow_gallery":[],"background_overlay_hover_image":{"url":"","id":""},"background_overlay_hover_image_tablet":{"url":"","id":""},"background_overlay_hover_image_mobile":{"url":"","id":""},"background_overlay_hover_video_fallback":{"url":"","id":""},"background_overlay_hover_slideshow_gallery":[]},"elements":[{"id":"6b91f489","settings":{"_column_size":100,"_inline_size":null,"background_image":{"url":"","id":""},"background_image_tablet":{"url":"","id":""},"background_image_mobile":{"url":"","id":""},"background_video_fallback":{"url":"","id":""},"background_slideshow_gallery":[],"background_hover_image":{"url":"","id":""},"background_hover_image_tablet":{"url":"","id":""},"background_hover_image_mobile":{"url":"","id":""},"background_hover_video_fallback":{"url":"","id":""},"background_hover_slideshow_gallery":[],"background_overlay_image":{"url":"","id":""},"background_overlay_image_tablet":{"url":"","id":""},"background_overlay_image_mobile":{"url":"","id":""},"background_overlay_video_fallback":{"url":"","id":""},"background_overlay_slideshow_gallery":[],"background_overlay_hover_image":{"url":"","id":""},"background_overlay_hover_image_tablet":{"url":"","id":""},"background_overlay_hover_image_mobile":{"url":"","id":""},"background_overlay_hover_video_fallback":{"url":"","id":""},"background_overlay_hover_slideshow_gallery":[]},"elements":[{"id":"1f21725c","settings":{"editor":"<p>We'll handle your child with care!<\/p>","text_color":"#ffffff","typography_typography":"custom","typography_font_family":"Karla","typography_font_size_mobile":{"unit":"px","size":14},"typography_text_transform":"uppercase","typography_letter_spacing_tablet":{"unit":"px","size":3.3},"typography_letter_spacing_mobile":{"unit":"px","size":0},"align":"center","typography_font_weight":"bold","_animation":"fadeInDown","typography_font_size":{"unit":"rem","size":1.4},"_padding":{"unit":"px","top":"0","right":"0","bottom":"0","left":"0","isLinked":false},"_background_image":{"url":"","id":""},"_background_image_tablet":{"url":"","id":""},"_background_image_mobile":{"url":"","id":""},"_background_video_fallback":{"url":"","id":""},"_background_slideshow_gallery":[],"_background_hover_image":{"url":"","id":""},"_background_hover_image_tablet":{"url":"","id":""},"_background_hover_image_mobile":{"url":"","id":""},"_background_hover_video_fallback":{"url":"","id":""},"_background_hover_slideshow_gallery":[],"_mask_image":{"url":"","id":""}},"elements":[],"isInner":false,"widgetType":"text-editor","elType":"widget"},{"id":"34ea39c3","settings":{"title":"Get to know  us better!","title_color":"#ffffff","typography_typography":"custom","typography_font_family":"Rammetto One","typography_font_size":{"unit":"px","size":52},"typography_font_size_mobile":{"unit":"px","size":35},"typography_font_weight":"bold","typography_text_transform":"uppercase","text_shadow_text_shadow":{"horizontal":-4,"vertical":2,"blur":0,"color":"rgba(0,0,0,0.3)"},"align":"center","_margin":{"unit":"px","top":"0","right":"0","bottom":"60","left":"0","isLinked":false},"_animation":"fadeInUp","_animation_delay":300,"text_shadow_text_shadow_type":"yes","_background_image":{"url":"","id":""},"_background_image_tablet":{"url":"","id":""},"_background_image_mobile":{"url":"","id":""},"_background_video_fallback":{"url":"","id":""},"_background_slideshow_gallery":[],"_background_hover_image":{"url":"","id":""},"_background_hover_image_tablet":{"url":"","id":""},"_background_hover_image_mobile":{"url":"","id":""},"_background_hover_video_fallback":{"url":"","id":""},"_background_hover_slideshow_gallery":[],"_mask_image":{"url":"","id":""}},"elements":[],"isInner":false,"widgetType":"heading","elType":"widget"},{"id":"5067bb54","settings":{"text":"Contact us","align":"center","typography_typography":"custom","typography_font_family":"Montserrat","typography_font_size":{"unit":"px","size":20},"typography_font_weight":"bold","typography_text_transform":"uppercase","button_text_color":"#ffffff","background_color":"#ff0571","hover_animation":"hang","text_padding":{"unit":"px","top":"20","right":"30","bottom":"20","left":"30","isLinked":false},"_animation":"fadeInUp","icon":"fa fa-paper-plane","icon_align":"right","icon_indent":{"unit":"px","size":15},"_padding":{"unit":"em","top":"2","right":"0","bottom":"0","left":"0","isLinked":false},"_animation_delay":600,"selected_icon":{"value":"fas fa-paper-plane","library":"fa-solid"},"_background_image":{"url":"","id":""},"_background_image_tablet":{"url":"","id":""},"_background_image_mobile":{"url":"","id":""},"_background_video_fallback":{"url":"","id":""},"_background_slideshow_gallery":[],"_background_hover_image":{"url":"","id":""},"_background_hover_image_tablet":{"url":"","id":""},"_background_hover_image_mobile":{"url":"","id":""},"_background_hover_video_fallback":{"url":"","id":""},"_background_hover_slideshow_gallery":[],"background_video_fallback":{"url":"","id":""},"background_slideshow_gallery":[],"button_background_hover_video_fallback":{"url":"","id":""},"button_background_hover_slideshow_gallery":[],"_mask_image":{"url":"","id":""}},"elements":[],"isInner":false,"widgetType":"button","elType":"widget"}],"isInner":false,"elType":"column"}],"isInner":false,"elType":"section"}],"settings":[],"metadata":[]}