{"content":[{"id":"69cb488e","settings":{"structure":"40","background_background":"classic","background_color":"#FFFFFFF7","layout":"full_width"},"elements":[{"id":"753b5111","settings":{"_column_size":25,"_inline_size":null,"margin":{"unit":"px","top":"0","right":"-12","bottom":"0","left":"13","isLinked":false},"padding":{"unit":"px","top":"0","right":"0","bottom":"0","left":"0","isLinked":false}},"elements":[{"id":"1657764d","settings":{"align":"left","width":{"unit":"%","size":34,"sizes":[]},"space":{"unit":"%","size":33,"sizes":[]}},"elements":[],"isInner":false,"widgetType":"site-logo","elType":"widget"},{"id":"12351b0b","settings":{"editor":"<h3><strong>FOOD IS LIFE AND WE AND WE KNOW IT!!<\/strong><\/h3>","typography_typography":"custom","typography_font_family":"Actor","typography_font_size":{"unit":"px","size":19,"sizes":[]},"typography_font_weight":"400","text_shadow_text_shadow_type":"yes","text_shadow_text_shadow":{"horizontal":0,"vertical":0,"blur":36,"color":"rgba(17.403261765189793, 54.387294859426426, 177.90000915527344, 0.26)"},"_margin":{"unit":"px","top":"0","right":"0","bottom":"0","left":"0","isLinked":false},"_padding":{"unit":"px","top":"7","right":"0","bottom":"0","left":"0","isLinked":false},"__globals__":{"text_color":"globals\/colors?id=accent"}},"elements":[],"isInner":false,"widgetType":"text-editor","elType":"widget"},{"id":"9bcfb56","settings":{"social_icon_list":[{"social_icon":{"value":"fab fa-facebook","library":"fa-brands"},"_id":"5696d4b"},{"social_icon":{"value":"fab fa-twitter","library":"fa-brands"},"_id":"41e60b2"},{"social_icon":{"value":"fab fa-youtube","library":"fa-brands"},"_id":"6246a0e"}],"shape":"circle","align":"left","icon_size":{"unit":"px","size":15,"sizes":[]},"_margin":{"unit":"px","top":"0","right":"0","bottom":"0","left":"0","isLinked":false},"_padding":{"unit":"px","top":"8","right":"0","bottom":"0","left":"0","isLinked":false}},"elements":[],"isInner":false,"widgetType":"social-icons","elType":"widget"}],"isInner":false,"elType":"column"},{"id":"206fb9a3","settings":{"_column_size":25,"_inline_size":null,"_inline_size_mobile":50,"margin":{"unit":"px","top":"0","right":"0","bottom":"0","left":"53","isLinked":false},"padding":{"unit":"px","top":"0","right":"0","bottom":"0","left":"8","isLinked":false}},"elements":[{"id":"112a155f","settings":{"title":"Important Links","title_color":"#232435","typography_typography":"custom","typography_font_family":"Times New Roman","typography_font_weight":"600","typography_font_size":{"unit":"px","size":32,"sizes":[]},"size":"medium","header_size":"h4","typography_font_size_mobile":{"unit":"px","size":25,"sizes":[]}},"elements":[],"isInner":false,"widgetType":"heading","elType":"widget"},{"id":"1b45c77f","settings":{"icon_list":[{"text":"HOME","_id":"52c95ff"},{"text":"ABOUT","_id":"d8b570d"},{"text":"CONTACT US","_id":"0d9ae76"},{"text":"BLOG","_id":"28362d1","link":{"url":"#","is_external":"","nofollow":"","custom_attributes":""}},{"_id":"3e7c137","text":"BE OUR INVESTOR","link":{"url":"http:\/\/localhost\/wordpress\/be-our-investor\/","is_external":"","nofollow":"","custom_attributes":""}}],"icon_color":"#000000","text_color":"#505961","text_indent":{"unit":"px","size":8,"sizes":[]},"icon_typography_typography":"custom","icon_typography_font_family":"Actor","icon_typography_font_size":{"unit":"px","size":22,"sizes":[]},"icon_typography_font_weight":"600","icon_typography_text_transform":"capitalize","_margin":{"unit":"px","top":"0","right":"0","bottom":"0","left":"0","isLinked":false},"_padding":{"unit":"px","top":"23","right":"0","bottom":"0","left":"0","isLinked":false},"_background_hover_background":"classic","_background_hover_color":"#EDF5F500","_margin_mobile":{"unit":"px","top":"0","right":"0","bottom":"0","left":"0","isLinked":false},"_padding_mobile":{"unit":"px","top":"0","right":"0","bottom":"0","left":"0","isLinked":false},"icon_size":{"unit":"px","size":15,"sizes":[]}},"elements":[],"isInner":false,"widgetType":"icon-list","elType":"widget"}],"isInner":false,"elType":"column"},{"id":"6e87becf","settings":{"_column_size":25,"_inline_size":null,"_inline_size_mobile":50,"margin":{"unit":"px","top":"0","right":"0","bottom":"0","left":"18","isLinked":false},"padding":{"unit":"px","top":"0","right":"0","bottom":"0","left":"18","isLinked":false}},"elements":[{"id":"2feea57","settings":{"title":"Contact us","title_color":"#252E55","typography_typography":"custom","typography_font_family":"Times New Roman","typography_font_weight":"600"},"elements":[],"isInner":false,"widgetType":"heading","elType":"widget"},{"id":"77071783","settings":{"icon_list":[{"text":"808080080","selected_icon":{"value":"fas fa-phone-alt","library":"fa-solid"},"_id":"4ac3cc6","link":{"url":"#","is_external":"","nofollow":"","custom_attributes":""}},{"text":"cbcare@cb.com","selected_icon":{"value":"fas fa-mail-bulk","library":"fa-solid"},"link":{"url":"#","is_external":"","nofollow":"","custom_attributes":""},"_id":"1fa2207"},{"text":"abc","selected_icon":{"value":"far fa-address-card","library":"fa-regular"},"link":{"url":"#","is_external":"","nofollow":"","custom_attributes":""},"_id":"797a2bc"},{"text":"Fill the form","selected_icon":{"value":"fab fa-wpforms","library":"fa-brands"},"link":{"url":"#","is_external":"","nofollow":"","custom_attributes":""},"_id":"85f6d47"}],"space_between":{"unit":"px","size":7,"sizes":[]},"icon_color":"#0719D9","text_color":"#584141","icon_typography_typography":"custom","icon_typography_font_family":"Times New Roman","icon_typography_font_size":{"unit":"px","size":23,"sizes":[]},"icon_typography_font_weight":"400","_margin":{"unit":"px","top":"23","right":"0","bottom":"0","left":"0","isLinked":false},"_padding":{"unit":"px","top":"14","right":"0","bottom":"0","left":"0","isLinked":false},"_margin_mobile":{"unit":"px","top":"0","right":"0","bottom":"0","left":"0","isLinked":false},"_padding_mobile":{"unit":"px","top":"-4","right":"0","bottom":"0","left":"0","isLinked":false},"icon_size":{"unit":"px","size":15,"sizes":[]},"text_indent":{"unit":"px","size":8,"sizes":[]}},"elements":[],"isInner":false,"widgetType":"icon-list","elType":"widget"}],"isInner":false,"elType":"column"},{"id":"6092f96","settings":{"_column_size":25,"_inline_size":null},"elements":[{"id":"69ffd684","settings":{"address":"London Eye, London, United Kingdom"},"elements":[],"isInner":false,"widgetType":"google_maps","elType":"widget"}],"isInner":false,"elType":"column"}],"isInner":false,"elType":"section"}],"settings":{"template":"default"},"metadata":{"site-post-title":"disabled","ast-title-bar-display":"disabled","ast-featured-img":"disabled","site-content-layout":"page-builder","site-sidebar-layout":"no-sidebar","ehf_target_include_locations":"a:2:{s:4:\"rule\";a:1:{i:0;s:12:\"basic-global\";}s:8:\"specific\";a:0:{}}","ehf_target_exclude_locations":"a:0:{}","ehf_target_user_roles":"a:1:{i:0;s:3:\"all\";}","ehf_template_type":"type_footer","display-on-canvas-template":"1","theme-transparent-header-meta":"default"}}