{"content":[{"id":"30d1e463","settings":{"layout":"full_width","height":"min-height","custom_height":{"unit":"px","size":780,"sizes":[]},"background_background":"slideshow","background_slideshow_gallery":[{"id":525,"url":"http:\/\/localhost\/wordpress\/wp-content\/uploads\/2021\/08\/cherries-fruits-food-3433775.jpg"},{"id":512,"url":"http:\/\/localhost\/wordpress\/wp-content\/uploads\/2021\/07\/food-delivery-boy.png"},{"id":511,"url":"http:\/\/localhost\/wordpress\/wp-content\/uploads\/2021\/07\/cupcakes-desserts-frosting-690040-1.jpg"},{"id":513,"url":"http:\/\/localhost\/wordpress\/wp-content\/uploads\/2021\/07\/Restaurant-Table-Designs-OTL-HERO.png"}],"margin":{"unit":"px","top":"56","right":0,"bottom":"0","left":0,"isLinked":false},"background_slideshow_ken_burns":"yes","border_radius":{"unit":"px","top":"37","right":"37","bottom":"37","left":"37","isLinked":true}},"elements":[{"id":"684e89e9","settings":{"_column_size":100,"_inline_size":null},"elements":[{"id":"526bbf1d","settings":{"title":"Be Our Partner ","title_color":"#FFFFFF","typography_typography":"custom","typography_font_family":"Actor","typography_font_size":{"unit":"px","size":70,"sizes":[]},"typography_font_weight":"700","text_shadow_text_shadow_type":"yes","text_shadow_text_shadow":{"horizontal":0,"vertical":0,"blur":2,"color":"rgba(0,0,0,0.3)"}},"elements":[],"isInner":false,"widgetType":"heading","elType":"widget"},{"id":"1b9ef98e","settings":{"title":"~1 million\nTotal Orders","title_color":"#FFFFFF","typography_typography":"custom","typography_font_family":"Actor","typography_font_size":{"unit":"px","size":65,"sizes":[]},"typography_font_weight":"600","text_shadow_text_shadow_type":"yes","text_shadow_text_shadow":{"horizontal":0,"vertical":0,"blur":2,"color":"rgba(0,0,0,0.3)"},"_margin":{"unit":"px","top":"210","right":"0","bottom":"0","left":"-2","isLinked":false}},"elements":[],"isInner":false,"widgetType":"heading","elType":"widget"}],"isInner":false,"elType":"column"}],"isInner":false,"elType":"section"},{"id":"24344744","settings":{"layout":"full_width","gap":"no","height":"min-height","custom_height":{"unit":"px","size":323,"sizes":[]},"background_background":"classic","background_image":{"url":"http:\/\/localhost\/wordpress\/wp-content\/uploads\/2021\/08\/Screenshot-2021-08-01-171913.jpg","id":526,"alt":"","source":"library"},"background_position":"center center","background_repeat":"no-repeat","background_size":"initial","background_bg_width":{"unit":"%","size":120,"sizes":[]},"background_overlay_background":"classic","margin":{"unit":"px","top":"34","right":0,"bottom":"0","left":0,"isLinked":false},"padding":{"unit":"px","top":"0","right":"0","bottom":"0","left":"-5","isLinked":false}},"elements":[{"id":"202808fe","settings":{"_column_size":100,"_inline_size":null},"elements":[],"isInner":false,"elType":"column"}],"isInner":false,"elType":"section"},{"id":"7061361b","settings":{"layout":"full_width","stretch_section":"section-stretched","background_background":"classic","background_color":"#F2D5FE","margin":{"unit":"px","top":"30","right":0,"bottom":"0","left":0,"isLinked":false}},"elements":[{"id":"6d89b5e9","settings":{"_column_size":100,"_inline_size":null},"elements":[{"id":"4e969bf7","settings":{"title":"Get started in 3 easy steps","align":"left","title_color":"#4D5D64","typography_typography":"custom","typography_font_family":"Roboto","typography_font_size":{"unit":"px","size":40,"sizes":[]},"typography_font_weight":"600","_margin":{"unit":"px","top":"0","right":"0","bottom":"0","left":"71","isLinked":false}},"elements":[],"isInner":false,"widgetType":"heading","elType":"widget"}],"isInner":false,"elType":"column"}],"isInner":false,"elType":"section"},{"id":"11e6ad0d","settings":{"layout":"full_width","stretch_section":"section-stretched","structure":"30","background_background":"classic","background_color":"#F2D5FE","margin":{"unit":"px","top":"0","right":0,"bottom":"0","left":0,"isLinked":false}},"elements":[{"id":"37734863","settings":{"_column_size":33,"_inline_size":35.137},"elements":[{"id":"1f02910c","settings":{"selected_icon":{"value":"fas fa-gift","library":"fa-solid"},"title_text":"Sign Up","description_text":"Start with providing your restaurant business details","primary_color":"#6E78E4","icon_space":{"unit":"px","size":16,"sizes":[]},"icon_size":{"unit":"px","size":50,"sizes":[]},"title_bottom_space":{"unit":"px","size":12,"sizes":[]},"title_color":"#4F6068","title_typography_typography":"custom","title_typography_font_family":"Roboto","title_typography_font_size":{"unit":"px","size":31,"sizes":[]},"title_typography_font_weight":"600","description_typography_typography":"custom","description_typography_font_family":"Roboto","description_typography_font_size":{"unit":"px","size":17,"sizes":[]},"description_typography_font_weight":"400","description_shadow_text_shadow_type":"yes","description_shadow_text_shadow":{"horizontal":0,"vertical":0,"blur":0,"color":"rgba(0,0,0,0.3)"},"_margin":{"unit":"px","top":"0","right":"0","bottom":"0","left":"16","isLinked":false}},"elements":[],"isInner":false,"widgetType":"icon-box","elType":"widget"}],"isInner":false,"elType":"column"},{"id":"138d4ba4","settings":{"_column_size":33,"_inline_size":31.169},"elements":[{"id":"19199bb9","settings":{"selected_icon":{"value":"far fa-check-circle","library":"fa-regular"},"title_text":"Set Up","description_text":"Then upload all the required documents","primary_color":"#6E78E4","icon_space":{"unit":"px","size":16,"sizes":[]},"icon_size":{"unit":"px","size":50,"sizes":[]},"title_bottom_space":{"unit":"px","size":12,"sizes":[]},"title_color":"#4F6068","title_typography_typography":"custom","title_typography_font_family":"Roboto","title_typography_font_size":{"unit":"px","size":31,"sizes":[]},"title_typography_font_weight":"600","description_typography_typography":"custom","description_typography_font_family":"Roboto","description_typography_font_size":{"unit":"px","size":17,"sizes":[]},"description_typography_font_weight":"400","description_shadow_text_shadow_type":"yes","description_shadow_text_shadow":{"horizontal":0,"vertical":0,"blur":0,"color":"rgba(0,0,0,0.3)"}},"elements":[],"isInner":false,"widgetType":"icon-box","elType":"widget"}],"isInner":false,"elType":"column"},{"id":"1719af00","settings":{"_column_size":33,"_inline_size":null},"elements":[{"id":"2664d371","settings":{"selected_icon":{"value":"fas fa-shopping-bag","library":"fa-solid"},"title_text":"Sell","description_text":"Become us and deliver everywhere","primary_color":"#6E78E4","icon_space":{"unit":"px","size":16,"sizes":[]},"icon_size":{"unit":"px","size":50,"sizes":[]},"title_bottom_space":{"unit":"px","size":12,"sizes":[]},"title_color":"#4F6068","title_typography_typography":"custom","title_typography_font_family":"Roboto","title_typography_font_size":{"unit":"px","size":31,"sizes":[]},"title_typography_font_weight":"600","description_typography_typography":"custom","description_typography_font_family":"Roboto","description_typography_font_size":{"unit":"px","size":17,"sizes":[]},"description_typography_font_weight":"400","description_shadow_text_shadow_type":"yes","description_shadow_text_shadow":{"horizontal":0,"vertical":0,"blur":0,"color":"rgba(0,0,0,0.3)"}},"elements":[],"isInner":false,"widgetType":"icon-box","elType":"widget"}],"isInner":false,"elType":"column"}],"isInner":false,"elType":"section"},{"id":"5226f7c7","settings":{"content_position":"middle","structure":"20","padding":{"unit":"px","top":"80","right":"0","bottom":"80","left":"0","isLinked":false},"padding_tablet":{"unit":"px","top":"50","right":"50","bottom":"50","left":"50","isLinked":true},"padding_mobile":{"unit":"px","top":"50","right":"25","bottom":"50","left":"25","isLinked":false},"height":"min-height","custom_height":{"unit":"px","size":0,"sizes":[]},"background_background":"gradient","background_color":"#AAEAFE","background_color_b":"#F9A6FF","border_border":"groove","border_width":{"unit":"px","top":"-18","right":"-5","bottom":"0","left":"-3","isLinked":false},"border_radius":{"unit":"px","top":"61","right":"61","bottom":"61","left":"61","isLinked":true},"margin":{"unit":"px","top":"48","right":0,"bottom":"48","left":0,"isLinked":true}},"elements":[{"id":"700be0de","settings":{"_column_size":50,"_inline_size":50.084,"_inline_size_tablet":100,"padding":{"unit":"px","top":"0","right":"0","bottom":"0","left":"0","isLinked":false},"padding_tablet":{"unit":"px","top":"0","right":"0","bottom":"0","left":"0","isLinked":false}},"elements":[{"id":"34484217","settings":{"title":"Become a CB Partner Today","align_tablet":"center","title_color":"#4A585E","typography_typography":"custom","typography_font_family":"Actor","typography_font_size":{"unit":"px","size":45,"sizes":[]},"typography_font_weight":"600","align":"center"},"elements":[],"isInner":false,"widgetType":"heading","elType":"widget"},{"id":"3c11b2dc","settings":{"editor":"","align":"left","align_tablet":"center"},"elements":[],"isInner":false,"widgetType":"text-editor","elType":"widget"}],"isInner":false,"elType":"column"},{"id":"72a9fdb9","settings":{"_column_size":50,"_inline_size":49.874,"_inline_size_tablet":100,"padding_tablet":{"unit":"px","top":"0","right":"0","bottom":"0","left":"0","isLinked":false}},"elements":[{"id":"3c0d582d","settings":{"title":"We will get in Touch with you","title_color":"#515E64","typography_typography":"custom","typography_font_family":"Actor","typography_font_weight":"600","typography_line_height":{"unit":"em","size":1.5,"sizes":[]},"typography_letter_spacing":{"unit":"px","size":0.5,"sizes":[]},"_margin":{"unit":"px","top":"0","right":"0","bottom":"0","left":"46","isLinked":false}},"elements":[],"isInner":false,"widgetType":"heading","elType":"widget"},{"id":"3cce78a4","settings":{"form_id":"540","_margin_tablet":{"unit":"px","top":"20","right":"0","bottom":"0","left":"0","isLinked":false},"_margin":{"unit":"px","top":"0","right":"0","bottom":"0","left":"50","isLinked":false}},"elements":[],"isInner":false,"widgetType":"wpforms","elType":"widget"}],"isInner":false,"elType":"column"}],"isInner":false,"elType":"section"},{"id":"62da53ce","settings":{"gap":"no","custom_height":{"unit":"px","size":""},"content_position":"middle","padding":{"unit":"px","top":"100","right":"0","bottom":"100","left":"0","isLinked":false},"padding_tablet":{"unit":"px","top":"100","right":"25","bottom":"100","left":"25","isLinked":false},"padding_mobile":{"unit":"px","top":"50","right":"20","bottom":"50","left":"20","isLinked":false},"background_background":"classic","background_color":"#FEDDFF","layout":"full_width","stretch_section":"section-stretched"},"elements":[{"id":"2b032e36","settings":{"_column_size":100,"padding":{"unit":"%","top":"0","right":"20","bottom":"0","left":"20","isLinked":false},"padding_tablet":{"unit":"px","top":"0","right":"0","bottom":"0","left":"0","isLinked":true}},"elements":[{"id":"5242297d","settings":{"title":"Questions?","align":"left","typography_font_size":{"unit":"px","size":40},"typography_line_height":{"unit":"em","size":""},"title_color":"#373C3E","typography_typography":"custom","typography_font_family":"Actor","typography_font_weight":"600","_margin":{"unit":"px","top":"30","right":"0","bottom":"0","left":"0","isLinked":false},"_padding":{"unit":"px","top":"1","right":"0","bottom":"0","left":"0","isLinked":false}},"elements":[],"isInner":false,"widgetType":"heading","elType":"widget"},{"id":"61103761","settings":{"title":"","header_size":"h5","align":"center","typography_typography":"custom","typography_font_size":{"unit":"px","size":12},"_margin":{"unit":"px","top":"-5","right":"0","bottom":"30","left":"0","isLinked":false},"_margin_tablet":{"unit":"px","top":"0","right":"0","bottom":"20","left":"0","isLinked":false},"_margin_mobile":{"unit":"px","top":"0","right":"0","bottom":"0","left":"0","isLinked":false}},"elements":[],"isInner":false,"widgetType":"heading","elType":"widget"},{"id":"48bf8a3c","settings":{"tabs":[{"tab_title":"What are the mandatory documents needed to list my restaurant on CB?","tab_content":"<ol><li class=\"swiggy-intro-faq-answer\"><div class=\"swiggy-intro-faq-answer-list\"><span class=\"swiggy-intro-faq-answer-list-item\">Copies of the below documents are mandatory<\/span><\/div><\/li><li class=\"swiggy-intro-faq-answer\"><div class=\"swiggy-intro-faq-answer-list\"><span class=\"swiggy-intro-faq-answer-list-item\">\u00a0FSSAI Licence OR FSSAI Acknowledgement<\/span><\/div><\/li><li><span class=\"swiggy-intro-faq-answer-list-item\">\u00a0Pan Card<\/span><\/li><li class=\"swiggy-intro-faq-answer\"><div class=\"swiggy-intro-faq-answer-list\"><span class=\"swiggy-intro-faq-answer-list-item\">\u00a0GSTIN Certificate<\/span><\/div><\/li><li class=\"swiggy-intro-faq-answer\"><div class=\"swiggy-intro-faq-answer-list\"><span class=\"swiggy-intro-faq-answer-list-item\">\u00a0Cancelled Cheque OR bank Passbook<\/span><\/div><\/li><\/ol>","_id":"a173fe6"},{"tab_title":"After I submit all documents, how long will it take for me to get listed in CB?","tab_content":"<p>After all mandatory documents have been received and verified it takes upto 7-10 working days for the onboarding to be completed and make your restaurant live on the platform.<\/p>","_id":"1beff8e"},{"tab_title":"Who should I contact if I need help & support in getting onboarded?","tab_content":"<p>You can connect with Partner Support on 080-67466777\/68179777 or write to\u00a0partnersuport@cb.in<\/p>","_id":"1f0e1e2"},{"tab_title":"How much commission will I be charged by CB?","tab_content":"<p>The commission charges vary for different cities. You will be able to see the commission applicable for you once the preliminary onboarding details have been filled.<\/p>","_id":"bd7ae7a"},{"tab_title":"What is the minimum requirement to become a chef at CB?","tab_content":"<p>Minimum 5 years of experience of cooking your Favourable dish. Clearing the CB pass cooking test and registering yourself as sui chef for 3 years.<\/p>","_id":"293bac8"}],"border_width":{"unit":"px","size":0},"border_color":"rgba(191,191,191,0)","space_between":{"unit":"px","size":25},"box_shadow_box_shadow_type":"yes","box_shadow_box_shadow":{"horizontal":0,"vertical":0,"blur":6,"spread":0,"color":"rgba(0, 0, 0, 0.1)"},"tab_active_color":"#007CBAF7","title_typography_font_size":{"unit":"px","size":20},"title_padding":{"unit":"px","top":"28","right":"28","bottom":"28","left":"28","isLinked":true},"icon_color":"#000000","icon_active_color":"rgba(0, 124, 186, 0.97)","icon_space":{"unit":"px","size":8,"sizes":[]},"content_typography_font_size":{"unit":"px","size":18},"content_typography_line_height":{"unit":"em","size":""},"content_padding":{"unit":"px","top":"0","right":"28","bottom":"30","left":"28","isLinked":false},"_padding_mobile":{"unit":"px","top":"15","right":"0","bottom":"0","left":"0","isLinked":false},"_border_width":{"unit":"px","top":"1","right":"1","bottom":"1","left":"1","isLinked":true},"title_background":"#FFFFFF","content_background_color":"#FFFFFF","_background_background":"classic","title_color":"#007CBAF7","title_typography_typography":"custom","title_typography_font_family":"Roboto","title_typography_font_weight":"600","content_typography_typography":"custom","content_typography_font_family":"Roboto","content_typography_font_weight":"400","_margin":{"unit":"px","top":"-28","right":"0","bottom":"0","left":"0","isLinked":false}},"elements":[],"isInner":false,"widgetType":"toggle","elType":"widget"}],"isInner":false,"elType":"column"}],"isInner":false,"elType":"section"}],"settings":{"template":"default"},"metadata":{"site-sidebar-layout":"default","site-content-layout":"default","theme-transparent-header-meta":"default"}}