{"content":[{"id":"5c77736c","settings":{"gap":"no","content_position":"middle","background_background":"classic","background_position":"bottom center","background_attachment":"fixed","background_repeat":"no-repeat","background_size":"cover","background_overlay_color":"#0c0c0c","margin_mobile":{"unit":"px","top":"","right":0,"bottom":"","left":0,"isLinked":true},"background_color":"#080808","background_image":{"id":"","url":"","alt":"macarons, raspberries, pastries-2548827.jpg","source":"library"},"background_overlay_background":"classic","padding":{"unit":"%","top":"10","right":"0","bottom":"10","left":"0","isLinked":false},"padding_tablet":{"unit":"px","top":"240","right":"0","bottom":"150","left":"0","isLinked":false},"background_overlay_color_b":"rgba(0,0,0,0.45)","background_overlay_opacity":{"unit":"px","size":0.78},"background_overlay_image":{"url":"http:\/\/localhost\/wordpress\/wp-content\/uploads\/2021\/07\/macarons-raspberries-pastries-2548827.jpg","id":401,"alt":"macarons, raspberries, pastries-2548827.jpg","source":"library"},"content_width":{"unit":"px","size":500,"sizes":[]},"height":"min-height","custom_height":{"unit":"px","size":216,"sizes":[]},"background_overlay_position":"initial","background_overlay_ypos":{"unit":"px","size":-348,"sizes":[]},"background_overlay_repeat":"no-repeat","background_overlay_size":"initial","background_overlay_bg_width":{"unit":"%","size":110,"sizes":[]},"layout":"full_width","stretch_section":"section-stretched"},"elements":[{"id":"1e36dea1","settings":{"_column_size":100,"_inline_size":100,"content_position":"space-evenly","align":"space-evenly","space_between_widgets":0,"margin":{"unit":"px","top":"2","right":"0","bottom":"0","left":"-64","isLinked":false}},"elements":[{"id":"24345c09","settings":{"title":"We would love to hear from you!!","header_size":"h1","align":"center","title_color":"#FFFFFF","typography_typography":"custom","typography_font_family":"Actor","typography_font_size":{"unit":"px","size":61,"sizes":[]},"typography_font_weight":"900","_margin":{"unit":"px","top":"0","right":"0","bottom":"0","left":"231","isLinked":false},"text_shadow_text_shadow_type":"yes","text_shadow_text_shadow":{"horizontal":0,"vertical":0,"blur":2,"color":"rgba(0,0,0,0.3)"}},"elements":[],"isInner":false,"widgetType":"heading","elType":"widget"}],"isInner":false,"elType":"column"}],"isInner":false,"elType":"section"},{"id":"75aa4300","settings":{"structure":"22","content_position":"middle","padding":{"unit":"px","top":"81","right":"0","bottom":"80","left":"74","isLinked":false},"layout":"full_width","background_overlay_background":"classic","background_overlay_color":"#EFE4F1","margin":{"unit":"px","top":"0","right":0,"bottom":"0","left":0,"isLinked":false}},"elements":[{"id":"43d8517a","settings":{"_column_size":66,"_inline_size":null},"elements":[{"id":"5137ddc9","settings":{"wp":{"title":"","form_id":"277"},"_margin":{"unit":"px","top":"-256","right":"0","bottom":"0","left":"0","isLinked":false}},"elements":[],"isInner":false,"widgetType":"wp-widget-wpforms-widget","elType":"widget"}],"isInner":false,"elType":"column"},{"id":"39bced17","settings":{"_column_size":33,"_inline_size":null,"background_background":"classic","background_color":"#ffffff","padding":{"unit":"px","top":"40","right":"40","bottom":"40","left":"40","isLinked":true},"padding_tablet":{"unit":"px","top":"30","right":"30","bottom":"30","left":"30","isLinked":true},"padding_mobile":{"unit":"px","top":"25","right":"25","bottom":"25","left":"25","isLinked":true}},"elements":[{"id":"21620f58","settings":{"tabs":[{"tab_title":"Report a safety issue","tab_content":"<p><span style=\"color: #4f4f4f; font-family: Okra, Helvetica, sans-serif; font-size: 18px;\">We are committed to the safety of everyone using CB.<\/span><\/p>\n<p><span style=\"color: #4f4f4f; font-family: Okra, Helvetica, sans-serif; font-size: 18px;\">&nbsp;<\/span><\/p>","_id":"c2880cf"}],"selected_icon":{"value":"fas fa-exclamation-triangle","library":"fa-solid"},"selected_active_icon":{"value":"fas fa-exclamation-triangle","library":"fa-solid"},"border_width":{"unit":"px","size":3,"sizes":[]},"title_color":"#90A4AC","tab_active_color":"#59645B","title_typography_typography":"custom","title_typography_font_family":"Actor","title_typography_font_weight":"600","icon_color":"#B03737","content_background_color":"#FFFFFF","content_color":"#B51B1B","content_typography_typography":"custom","content_typography_font_family":"Actor","content_typography_font_size":{"unit":"px","size":19,"sizes":[]},"content_typography_font_weight":"400","content_typography_line_height":{"unit":"em","size":1.6,"sizes":[]},"content_typography_letter_spacing":{"unit":"px","size":0,"sizes":[]}},"elements":[],"isInner":false,"widgetType":"accordion","elType":"widget"},{"id":"5f049038","settings":{"tabs":[{"tab_title":"Issue with your live order?","tab_content":"<p>Click on the 'Support' or 'Online ordering help' section in your app to connect to our customer support team.<\/p>","_id":"4baa207"}],"title_color":"#616E73","tab_active_color":"#59645B","title_typography_typography":"custom","title_typography_font_family":"Actor","title_typography_font_size":{"unit":"px","size":20,"sizes":[]},"title_typography_font_weight":"600","content_typography_typography":"custom","content_typography_font_family":"Roboto","content_typography_font_size":{"unit":"px","size":17,"sizes":[]},"content_typography_font_weight":"400"},"elements":[],"isInner":false,"widgetType":"accordion","elType":"widget"},{"id":"24a47c88","settings":{"editor":"<p>Email: info@example .com<\/p><p>Toll-free number: 1800 123 4567,<br \/>Monday to Saturday - 9:00 am to 7:00 pm<br \/>Sunday - 10:00 am to 5:00 pm<\/p>","_margin":{"unit":"px","top":"0","right":"0","bottom":"-20","left":"0","isLinked":false},"typography_typography":"custom","typography_font_family":"Roboto","typography_font_size":{"unit":"px","size":20,"sizes":[]},"typography_font_weight":"400"},"elements":[],"isInner":false,"widgetType":"text-editor","elType":"widget"},{"id":"2b532be1","settings":{"title":"Need Us? Call Us.","typography_font_size":{"unit":"em","size":1.9},"typography_font_size_tablet":{"unit":"em","size":""},"header_size":"h4","_padding":{"unit":"px","top":"50","right":"0","bottom":"0","left":"0","isLinked":false},"align":"left","title_color":"#595D79","typography_typography":"custom","typography_font_family":"Actor","typography_font_weight":"600","_margin":{"unit":"px","top":"27","right":"40","bottom":"0","left":"-1000","isLinked":false}},"elements":[],"isInner":false,"widgetType":"heading","elType":"widget"},{"id":"ac4481d","settings":{"title":"1800 123 4567","header_size":"h3","title_color":"#5C6A70","typography_typography":"custom","typography_font_family":"Roboto","typography_font_size":{"unit":"px","size":28,"sizes":[]},"typography_font_weight":"600","_margin":{"unit":"px","top":"0","right":"0","bottom":"0","left":"-1000","isLinked":false}},"elements":[],"isInner":false,"widgetType":"heading","elType":"widget"}],"isInner":false,"elType":"column"}],"isInner":false,"elType":"section"},{"id":"3bd2f2a","settings":{"background_background":"classic","background_color":"#F5F5F5","padding":{"unit":"px","top":"100","right":"0","bottom":"100","left":"0","isLinked":false},"padding_tablet":{"unit":"px","top":"80","right":"50","bottom":"80","left":"50","isLinked":false},"padding_mobile":{"unit":"px","top":"50","right":"0","bottom":"50","left":"0","isLinked":false},"background_overlay_background":"classic","background_overlay_color":"#EFE4F1","background_overlay_opacity":{"unit":"px","size":0.95,"sizes":[]}},"elements":[{"id":"1d254e48","settings":{"_column_size":100,"_inline_size":null,"padding_mobile":{"unit":"px","top":"0","right":"30","bottom":"0","left":"30","isLinked":false}},"elements":[{"id":"63e61d62","settings":{"title":"Frequently Asked Questions","align":"center","title_color":"#42545B","typography_typography":"custom","typography_font_family":"Actor","typography_font_size":{"unit":"px","size":39,"sizes":[]},"typography_font_weight":"600"},"elements":[],"isInner":false,"widgetType":"heading","elType":"widget"},{"id":"11e97824","settings":{"width":{"unit":"px","size":100,"sizes":[]},"align":"center","text":"Divider","gap":{"unit":"px","size":0,"sizes":[]}},"elements":[],"isInner":false,"widgetType":"divider","elType":"widget"},{"id":"876d94a","settings":{"editor":"Lorem ipsum dolor sit amet, consectetur adipiscing elit.","align":"center"},"elements":[],"isInner":false,"widgetType":"text-editor","elType":"widget"},{"id":"75767285","settings":{"gap":"wider","structure":"20","margin":{"unit":"px","top":"20","right":0,"bottom":"0","left":0,"isLinked":false}},"elements":[{"id":"31bbadaa","settings":{"_column_size":50,"_inline_size":null,"_inline_size_tablet":100,"padding_mobile":{"unit":"px","top":"0","right":"0","bottom":"0","left":"0","isLinked":true},"space_between_widgets":40},"elements":[{"id":"24dfea6","settings":{"title":"Suitable Subtitle","header_size":"h3","align":"center","title_color":"#40555E"},"elements":[],"isInner":false,"widgetType":"heading","elType":"widget"},{"id":"28c58177","settings":{"tabs":[{"tab_title":"Occaecati simili terafvd que?","tab_content":"Lorem ipsum dolor sit amet, consectetur adipiscing elit, sed do eiusmod tempor incididunt ut labore et dolore magna aliqua minim veniam.","_id":"689f83a"},{"tab_title":"Massa quosoluta yrvagsv aja?","tab_content":"Lorem ipsum dolor sit amet, consectetur adipiscing elit, sed do eiusmod tempor incididunt ut labore et dolore magna aliqua minim veniam.","_id":"60a8e01"},{"tab_title":"Nam error corrupssa, suspendisse pv ehicula?","tab_content":"Lorem ipsum dolor sit amet, consectetur adipiscing elit, sed do eiusmod tempor incididunt ut labore et dolore magna aliqua minim veniam.","_id":"4944906"},{"tab_title":"Doloremque placeat iaculis, minim adipisicing?","tab_content":"Lorem ipsum dolor sit amet, consectetur adipiscing elit, sed do eiusmod tempor incididunt ut labore et dolore magna aliqua minim veniam.","_id":"6a1c801"},{"tab_title":"Voluptates omnis quasi do esse qui?","tab_content":"Lorem ipsum dolor sit amet, consectetur adipiscing elit, sed do eiusmod tempor incididunt ut labore et dolore magna aliqua minim veniam.","_id":"6740bd1"}],"selected_icon":{"value":"fas fa-angle-right","library":"fa-solid"},"selected_active_icon":{"value":"fas fa-angle-down","library":"fa-solid"},"border_width":{"unit":"px","size":0,"sizes":[]},"icon_align":"right","_padding":{"unit":"px","top":"30","right":"30","bottom":"30","left":"30","isLinked":true},"_padding_mobile":{"unit":"px","top":"10","right":"10","bottom":"10","left":"10","isLinked":true},"_background_background":"classic","_background_color":"#FFFFFF","_box_shadow_box_shadow_type":"yes","_box_shadow_box_shadow":{"horizontal":0,"vertical":10,"blur":20,"spread":0,"color":"rgba(0, 0, 0, 0.07)"},"title_color":"#2B383D","tab_active_color":"#334936"},"elements":[],"isInner":false,"widgetType":"accordion","elType":"widget"}],"isInner":true,"elType":"column"},{"id":"182aa35a","settings":{"_column_size":50,"_inline_size":null,"_inline_size_tablet":100,"margin_mobile":{"unit":"px","top":"40","right":"0","bottom":"0","left":"0","isLinked":false},"padding_mobile":{"unit":"px","top":"0","right":"0","bottom":"0","left":"0","isLinked":true},"space_between_widgets":40},"elements":[{"id":"7c8bade4","settings":{"title":"Suitable Subtitle","header_size":"h3","align":"center","title_color":"#415158"},"elements":[],"isInner":false,"widgetType":"heading","elType":"widget"},{"id":"4fb0ac51","settings":{"tabs":[{"tab_title":"Occaecati simili terafvd que?","tab_content":"Lorem ipsum dolor sit amet, consectetur adipiscing elit, sed do eiusmod tempor incididunt ut labore et dolore magna aliqua minim veniam.","_id":"689f83a"},{"tab_title":"Massa quosoluta yrvagsv aja?","tab_content":"Lorem ipsum dolor sit amet, consectetur adipiscing elit, sed do eiusmod tempor incididunt ut labore et dolore magna aliqua minim veniam.","_id":"60a8e01"},{"tab_title":"Nam error corrupssa, suspendisse pv ehicula?","tab_content":"Lorem ipsum dolor sit amet, consectetur adipiscing elit, sed do eiusmod tempor incididunt ut labore et dolore magna aliqua minim veniam.","_id":"4944906"},{"tab_title":"Doloremque placeat iaculis, minim adipisicing?","tab_content":"Lorem ipsum dolor sit amet, consectetur adipiscing elit, sed do eiusmod tempor incididunt ut labore et dolore magna aliqua minim veniam.","_id":"6a1c801"},{"tab_title":"Voluptates omnis quasi do esse qui?","tab_content":"Lorem ipsum dolor sit amet, consectetur adipiscing elit, sed do eiusmod tempor incididunt ut labore et dolore magna aliqua minim veniam.","_id":"6740bd1"}],"selected_icon":{"value":"fas fa-angle-right","library":"fa-solid"},"selected_active_icon":{"value":"fas fa-angle-down","library":"fa-solid"},"border_width":{"unit":"px","size":0,"sizes":[]},"icon_align":"right","_padding":{"unit":"px","top":"30","right":"30","bottom":"30","left":"30","isLinked":true},"_padding_mobile":{"unit":"px","top":"10","right":"10","bottom":"10","left":"10","isLinked":true},"_background_background":"classic","_background_color":"#FFFFFF","_box_shadow_box_shadow_type":"yes","_box_shadow_box_shadow":{"horizontal":0,"vertical":10,"blur":20,"spread":0,"color":"rgba(0, 0, 0, 0.07)"},"title_color":"#2D424A","tab_active_color":"#36533A"},"elements":[],"isInner":false,"widgetType":"accordion","elType":"widget"}],"isInner":true,"elType":"column"}],"isInner":true,"elType":"section"}],"isInner":false,"elType":"column"}],"isInner":false,"elType":"section"}],"settings":{"template":"default"},"metadata":{"site-sidebar-layout":"no-sidebar","site-content-layout":"page-builder","theme-transparent-header-meta":"default","site-post-title":"disabled","ast-title-bar-display":"disabled","ast-featured-img":"disabled"}}