{"content":[{"id":"6e690958","settings":{"content_width":{"unit":"px","size":1143,"sizes":[]},"gap":"no","height":"min-height","custom_height":{"unit":"px","size":705,"sizes":[]},"background_background":"classic","background_overlay_background":"classic","background_overlay_image":{"url":"https:\/\/www.outlookindia.com\/outlooktraveller\/public\/uploads\/articles\/explore\/Harajuku-district-tokyo.gif","id":"","source":"url","alt":""},"background_overlay_position":"center center","background_overlay_repeat":"no-repeat","background_overlay_size":"contain","background_overlay_opacity":{"unit":"px","size":1,"sizes":[]}},"elements":[{"id":"29a19c94","settings":{"_column_size":100,"_inline_size":null},"elements":[{"id":"143fd5d","settings":{"title":"CB Blog's","header_size":"h1","align":"center","title_color":"#FFFFFF","typography_typography":"custom","typography_font_family":"Actor","typography_font_size":{"unit":"px","size":99,"sizes":[]},"typography_font_weight":"600","_margin":{"unit":"px","top":"362","right":"0","bottom":"0","left":"-42","isLinked":false}},"elements":[],"isInner":false,"widgetType":"heading","elType":"widget"},{"id":"6725da69","settings":{"title":"Giving you a taste of life","align":"center","title_color":"#F1F1F1","typography_typography":"custom","typography_font_family":"Actor","typography_font_size":{"unit":"px","size":37,"sizes":[]},"typography_font_weight":"600","typography_text_decoration":"overline","text_shadow_text_shadow_type":"yes","_margin":{"unit":"px","top":"0","right":"49","bottom":"0","left":"0","isLinked":false}},"elements":[],"isInner":false,"widgetType":"heading","elType":"widget"}],"isInner":false,"elType":"column"}],"isInner":false,"elType":"section"},{"id":"6168197c","settings":{"layout":"full_width","structure":"20"},"elements":[{"id":"39dc72c8","settings":{"_column_size":50,"_inline_size":null},"elements":[{"id":"37358d1","settings":{"image":{"url":"https:\/\/curlytales.com\/wp-content\/uploads\/2021\/01\/3-1.jpg","id":"","source":"url"},"width":{"unit":"%","size":80,"sizes":[]},"space":{"unit":"%","size":80,"sizes":[]},"_margin":{"unit":"px","top":"0125","right":"0","bottom":"0","left":"0","isLinked":false}},"elements":[],"isInner":false,"widgetType":"image","elType":"widget"},{"id":"53ef007","settings":{"title":"We help feed thousands ","align":"center","title_color":"#465258","typography_typography":"custom","typography_font_family":"Actor","typography_font_size":{"unit":"px","size":36,"sizes":[]},"typography_font_weight":"900","typography_line_height":{"unit":"em","size":1,"sizes":[]},"text_shadow_text_shadow_type":"yes","text_shadow_text_shadow":{"horizontal":0,"vertical":0,"blur":2,"color":"rgba(0,0,0,0.3)"},"_margin":{"unit":"px","top":"0","right":"0","bottom":"0","left":"0","isLinked":false}},"elements":[],"isInner":false,"widgetType":"heading","elType":"widget"},{"id":"a85c3f6","settings":{"_margin":{"unit":"px","top":"0","right":"0","bottom":"0","left":"57","isLinked":false},"editor":"<p>We not only feed our beloved but customers but also focus on feeding the nation and needy. We on regular basis organize free langar's and also support The Golden temple Langar and various temples to feed the hungry. As smile is the not only the key to success but happiness to soul.\u00a0<\/p>"},"elements":[],"isInner":false,"widgetType":"text-editor","elType":"widget"}],"isInner":false,"elType":"column"},{"id":"37d6fd4","settings":{"_column_size":50,"_inline_size":null},"elements":[{"id":"ba66092","settings":{"image":{"url":"https:\/\/www.deccanherald.com\/sites\/dh\/files\/article_images\/2016\/10\/08\/574857.jpg","id":"","source":"url","alt":""},"image_size":"thumbnail","image_custom_dimension":{"width":"300","height":"300"},"width":{"unit":"%","size":70,"sizes":[]},"space":{"unit":"%","size":70,"sizes":[]},"_margin":{"unit":"px","top":"125","right":"0","bottom":"0","left":"0","isLinked":false}},"elements":[],"isInner":false,"widgetType":"image","elType":"widget"},{"id":"207a287e","settings":{"title":"Feeding the hungry globally","align":"center","title_color":"#4B4D42","typography_typography":"custom","typography_font_family":"Actor","typography_font_size":{"unit":"px","size":36,"sizes":[]},"typography_font_weight":"900","typography_line_height":{"unit":"em","size":1,"sizes":[]},"text_shadow_text_shadow_type":"yes","text_shadow_text_shadow":{"horizontal":0,"vertical":0,"blur":2,"color":"rgba(0,0,0,0.3)"},"_margin":{"unit":"px","top":"1","right":"0","bottom":"0","left":"0","isLinked":false}},"elements":[],"isInner":false,"widgetType":"heading","elType":"widget"},{"id":"761cfa0b","settings":{"_margin":{"unit":"px","top":"0","right":"0","bottom":"0","left":"57","isLinked":false},"editor":"<p>We also work with various government and non government campaign s where we provide food to the school students. We not only provide food but also give scholarships to the deserving and hardworking students. We not only focus on developing ourselves but developing the world\u00a0 a better place.<\/p>"},"elements":[],"isInner":false,"widgetType":"text-editor","elType":"widget"}],"isInner":false,"elType":"column"}],"isInner":false,"elType":"section"},{"id":"b235f96","settings":{"layout":"full_width","structure":"20","margin":{"unit":"px","top":"60","right":0,"bottom":"0","left":0,"isLinked":false}},"elements":[{"id":"2b6a0d85","settings":{"_column_size":50,"_inline_size":null},"elements":[{"id":"68acbe7","settings":{"image":{"url":"https:\/\/blog.ipleaders.in\/wp-content\/uploads\/2021\/01\/img-20190306-5c7f72b3a4ca1.jpg","id":"","source":"url"},"image_size":"medium","width":{"unit":"%","size":80,"sizes":[]},"space":{"unit":"%","size":80,"sizes":[]}},"elements":[],"isInner":false,"widgetType":"image","elType":"widget"},{"id":"6ee4e0e1","settings":{"title":"Increasing women participation","align":"center","title_color":"#465258","typography_typography":"custom","typography_font_family":"Actor","typography_font_size":{"unit":"px","size":36,"sizes":[]},"typography_font_weight":"700","text_shadow_text_shadow_type":"yes","text_shadow_text_shadow":{"horizontal":0,"vertical":0,"blur":2,"color":"rgba(0,0,0,0.3)"}},"elements":[],"isInner":false,"widgetType":"heading","elType":"widget"},{"id":"718f8297","settings":{"editor":"<p>We totally focus on women empowerment and encourage women in doing jobs and work shoulder to shoulder to men. We at CB also not only focus on women empowerment but also on women education. Every time you order at CB we give one book to a needy girl.<\/p>","_margin":{"unit":"px","top":"0","right":"0","bottom":"0","left":"57","isLinked":false}},"elements":[],"isInner":false,"widgetType":"text-editor","elType":"widget"}],"isInner":false,"elType":"column"},{"id":"bfa3ce2","settings":{"_column_size":50,"_inline_size":null},"elements":[{"id":"4fa909c7","settings":{"image":{"url":"https:\/\/digitallearning.eletsonline.com\/wp-content\/uploads\/2019\/02\/Education-in-India.png","id":"","source":"url","alt":""},"image_size":"medium","width":{"unit":"%","size":80,"sizes":[]},"space":{"unit":"%","size":80,"sizes":[]}},"elements":[],"isInner":false,"widgetType":"image","elType":"widget"},{"id":"26545694","settings":{"title":"Free Scholarships","align":"center","title_color":"#465258","typography_typography":"custom","typography_font_family":"Actor","typography_font_size":{"unit":"px","size":36,"sizes":[]},"typography_font_weight":"700","text_shadow_text_shadow_type":"yes","text_shadow_text_shadow":{"horizontal":0,"vertical":0,"blur":2,"color":"rgba(0,0,0,0.3)"}},"elements":[],"isInner":false,"widgetType":"heading","elType":"widget"},{"id":"5950780d","settings":{"_margin":{"unit":"px","top":"0","right":"0","bottom":"0","left":"57","isLinked":false},"editor":"<p>We organize a test each and every year and the rankers of the Test gets 100% scholarship for the particular year from CB. We not only focus on girls but also boys we are unbiased in related to studies and believe the deserving must gets what he deserves.<\/p>"},"elements":[],"isInner":false,"widgetType":"text-editor","elType":"widget"}],"isInner":false,"elType":"column"}],"isInner":false,"elType":"section"},{"id":"34273942","settings":{"layout":"full_width","structure":"20","margin":{"unit":"px","top":"40","right":0,"bottom":"0","left":0,"isLinked":false}},"elements":[{"id":"7b4ebf3d","settings":{"_column_size":50,"_inline_size":null},"elements":[{"id":"6281ff14","settings":{"image":{"url":"https:\/\/img.hobbyfarms.com\/wp-content\/uploads\/2019\/03\/22190424\/sugarbeets-vegetable-crops-KWS-Group-Flickr.jpg","id":"","source":"url","alt":""},"width":{"unit":"%","size":80,"sizes":[]},"space":{"unit":"%","size":80,"sizes":[]}},"elements":[],"isInner":false,"widgetType":"image","elType":"widget"},{"id":"3e8ab8cb","settings":{"title":"Getting the best food from the best Farms","align":"center","title_color":"#465258","typography_typography":"custom","typography_font_family":"Actor","typography_font_size":{"unit":"px","size":32,"sizes":[]},"typography_font_weight":"800","text_shadow_text_shadow_type":"yes","text_shadow_text_shadow":{"horizontal":0,"vertical":0,"blur":2,"color":"rgba(0,0,0,0.3)"}},"elements":[],"isInner":false,"widgetType":"heading","elType":"widget"},{"id":"2974c415","settings":{"_margin":{"unit":"px","top":"0","right":"00","bottom":"00","left":"51","isLinked":false},"editor":"<p>Each and every fruit and vegetable is grown in organically in CB and CB contracted Farms by farmers. We totally focus on the quality of food and gets the best and fresh food from farms to your tables. We also strictly follow the government and UNICEF protocols to support and control soil erosion and food quality. We are eco friendly.<\/p>"},"elements":[],"isInner":false,"widgetType":"text-editor","elType":"widget"}],"isInner":false,"elType":"column"},{"id":"426db750","settings":{"_column_size":50,"_inline_size":null},"elements":[{"id":"4b490a0f","settings":{"image":{"url":"https:\/\/cdn.pixabay.com\/photo\/2015\/04\/20\/13\/30\/kitchen-731351_960_720.jpg","id":"","source":"url","alt":""},"width":{"unit":"%","size":72,"sizes":[]},"space":{"unit":"%","size":72,"sizes":[]}},"elements":[],"isInner":false,"widgetType":"image","elType":"widget"},{"id":"6dce007e","settings":{"title":"Perfection is our statement","align":"center","title_color":"#465258","typography_typography":"custom","typography_font_family":"Actor","typography_font_size":{"unit":"px","size":32,"sizes":[]},"typography_font_weight":"800","text_shadow_text_shadow_type":"yes","text_shadow_text_shadow":{"horizontal":0,"vertical":0,"blur":2,"color":"rgba(0,0,0,0.3)"}},"elements":[],"isInner":false,"widgetType":"heading","elType":"widget"},{"id":"64431120","settings":{"_margin":{"unit":"px","top":"0","right":"00","bottom":"00","left":"51","isLinked":false},"editor":"<p>We work with the best chefs in whole India. We select chefs from the particular region and area of food. For eg if we want to Punjabi food related\u00a0 chef then our chef will be from typical Punjab living in Punjab itself and a work experience of minimum 5 years.<\/p>"},"elements":[],"isInner":false,"widgetType":"text-editor","elType":"widget"}],"isInner":false,"elType":"column"}],"isInner":false,"elType":"section"},{"id":"7fce8c3d","settings":{"gap":"no","background_color":"#FFFFFF","padding":{"unit":"px","top":"100","right":"0","bottom":"100","left":"0","isLinked":false},"content_width":{"unit":"px","size":1200,"sizes":[]},"padding_tablet":{"unit":"px","top":"80","right":"30","bottom":"80","left":"30","isLinked":false},"background_background":"classic"},"elements":[{"id":"12b604ec","settings":{"_column_size":100,"_inline_size":null,"margin":{"unit":"px","top":"0","right":"0","bottom":"0","left":"0","isLinked":false},"padding":{"unit":"px","top":"0","right":"0","bottom":"0","left":"0","isLinked":false}},"elements":[{"id":"4c93fa91","settings":{"content_width":{"unit":"px","size":700,"sizes":[]},"gap":"no","margin":{"unit":"px","top":"0","right":0,"bottom":"0","left":0,"isLinked":false},"padding":{"unit":"px","top":"0","right":"0","bottom":"0","left":"0","isLinked":false}},"elements":[{"id":"67997715","settings":{"_column_size":100,"_inline_size":null},"elements":[{"id":"2c939e3e","settings":{"title":"Critics View on Us","align":"center","title_color":"#4B5B62","typography_typography":"custom","typography_font_family":"Actor","typography_font_size":{"unit":"px","size":40,"sizes":[]},"typography_font_weight":"700","typography_text_decoration":"overline","text_shadow_text_shadow_type":"yes","text_shadow_text_shadow":{"horizontal":0,"vertical":0,"blur":2,"color":"rgba(0,0,0,0.3)"}},"elements":[],"isInner":false,"widgetType":"heading","elType":"widget"},{"id":"23bf9964","settings":{"editor":"","align":"center"},"elements":[],"isInner":false,"widgetType":"text-editor","elType":"widget"}],"isInner":true,"elType":"column"}],"isInner":true,"elType":"section"},{"id":"637ab548","settings":{"gap":"no","structure":"40","margin":{"unit":"px","top":"40","right":0,"bottom":"0","left":0,"isLinked":false}},"elements":[{"id":"33c37147","settings":{"_column_size":25,"_inline_size":null,"background_color":"#FFFFFF","margin":{"unit":"px","top":"20","right":"20","bottom":"20","left":"20","isLinked":true},"padding":{"unit":"px","top":"0","right":"0","bottom":"0","left":"0","isLinked":true},"box_shadow_box_shadow":{"horizontal":0,"vertical":0,"blur":50,"spread":0,"color":"rgba(0, 0, 0, 0.08)"},"_inline_size_tablet":50,"margin_mobile":{"unit":"px","top":"0","right":"0","bottom":"0","left":"0","isLinked":false},"padding_mobile":{"unit":"px","top":"0","right":"0","bottom":"0","left":"0","isLinked":false}},"elements":[{"id":"581838a1","settings":{"image":{"id":455,"url":"http:\/\/localhost\/wordpress\/wp-content\/uploads\/2021\/07\/testimonial-3.jpg"},"title_text":"Johnathan Doe","description_text":"Founder\/CEO of Foodzy","title_size":"h5","image_space":{"unit":"px","size":20,"sizes":[]},"image_size":{"unit":"%","size":90,"sizes":[]},"image_border_radius":{"unit":"px","size":0,"sizes":[]},"text_align":"left","title_bottom_space":{"unit":"px","size":0,"sizes":[]},"title_typography_typography":"custom","title_typography_font_weight":"bold","description_typography_typography":"custom","description_typography_font_size":{"unit":"px","size":15,"sizes":[]},"_margin":{"unit":"px","top":"0","right":"0","bottom":"-1","left":"0","isLinked":false},"image_size_tablet":{"unit":"%","size":100,"sizes":[]},"title_color":"#465258"},"elements":[],"isInner":false,"widgetType":"image-box","elType":"widget"},{"id":"56415ae7","settings":{"editor":"Lorem ipsum dolor sit amet, consec tetur adipiscing elit.","typography_typography":"custom","typography_font_size":{"unit":"px","size":14,"sizes":[]},"_margin":{"unit":"px","top":"0","right":"30","bottom":"0","left":"0","isLinked":false}},"elements":[],"isInner":false,"widgetType":"text-editor","elType":"widget"},{"id":"5b1247db","settings":{"social_icon_list":[{"social_icon":{"value":"fab fa-facebook","library":"fa-brands"},"_id":"7205a3a","link":{"url":"#","is_external":"true","nofollow":"","custom_attributes":""}},{"_id":"a3c239a","social_icon":{"value":"fab fa-linkedin","library":"fa-brands"},"link":{"url":"#","is_external":"true","nofollow":"","custom_attributes":""}},{"social_icon":{"value":"fab fa-instagram","library":"fa-brands"},"link":{"url":"#","is_external":"true","nofollow":"","custom_attributes":""},"_id":"6cb0333"}],"align":"","icon_primary_color":"#FFFFFF00","icon_secondary_color":"#808080","icon_size":{"unit":"px","size":12,"sizes":[]},"icon_padding":{"unit":"em","size":0.8,"sizes":[]},"icon_spacing":{"unit":"px","size":10,"sizes":[]},"image_border_width":{"unit":"px","top":"1","right":"1","bottom":"1","left":"1","isLinked":true},"image_border_color":"#808080","shape":"square"},"elements":[],"isInner":false,"widgetType":"social-icons","elType":"widget"}],"isInner":true,"elType":"column"},{"id":"2c8eab55","settings":{"_column_size":25,"_inline_size":null,"background_color":"#FFFFFF","margin":{"unit":"px","top":"20","right":"20","bottom":"20","left":"20","isLinked":true},"padding":{"unit":"px","top":"0","right":"0","bottom":"0","left":"0","isLinked":true},"box_shadow_box_shadow":{"horizontal":0,"vertical":0,"blur":50,"spread":0,"color":"rgba(0, 0, 0, 0.08)"},"_inline_size_tablet":50,"margin_mobile":{"unit":"px","top":"40","right":"0","bottom":"0","left":"0","isLinked":false}},"elements":[{"id":"56faba79","settings":{"image":{"id":456,"url":"http:\/\/localhost\/wordpress\/wp-content\/uploads\/2021\/07\/testimonial-5.jpg"},"title_text":"Jasun Tatum","description_text":"Food Blogger","title_size":"h5","image_space":{"unit":"px","size":20,"sizes":[]},"image_size":{"unit":"%","size":90,"sizes":[]},"image_border_radius":{"unit":"px","size":0,"sizes":[]},"text_align":"left","title_bottom_space":{"unit":"px","size":0,"sizes":[]},"title_typography_typography":"custom","title_typography_font_weight":"bold","description_typography_typography":"custom","description_typography_font_size":{"unit":"px","size":15,"sizes":[]},"_margin":{"unit":"px","top":"0","right":"0","bottom":"-1","left":"0","isLinked":false},"image_size_tablet":{"unit":"%","size":100,"sizes":[]},"title_color":"#465258"},"elements":[],"isInner":false,"widgetType":"image-box","elType":"widget"},{"id":"6b51c1d6","settings":{"editor":"Lorem ipsum dolor sit amet, consec tetur adipiscing elit.","typography_typography":"custom","typography_font_size":{"unit":"px","size":14,"sizes":[]},"_margin":{"unit":"px","top":"0","right":"30","bottom":"0","left":"0","isLinked":false}},"elements":[],"isInner":false,"widgetType":"text-editor","elType":"widget"},{"id":"5669dd13","settings":{"social_icon_list":[{"social_icon":{"value":"fab fa-facebook","library":"fa-brands"},"_id":"7205a3a","link":{"url":"#","is_external":"true","nofollow":"","custom_attributes":""}},{"_id":"a3c239a","social_icon":{"value":"fab fa-linkedin","library":"fa-brands"},"link":{"url":"#","is_external":"true","nofollow":"","custom_attributes":""}},{"social_icon":{"value":"fab fa-instagram","library":"fa-brands"},"link":{"url":"#","is_external":"true","nofollow":"","custom_attributes":""},"_id":"6cb0333"}],"align":"","icon_primary_color":"#FFFFFF00","icon_secondary_color":"#808080","icon_size":{"unit":"px","size":12,"sizes":[]},"icon_padding":{"unit":"em","size":0.8,"sizes":[]},"icon_spacing":{"unit":"px","size":10,"sizes":[]},"image_border_width":{"unit":"px","top":"1","right":"1","bottom":"1","left":"1","isLinked":true},"image_border_color":"#808080","shape":"square"},"elements":[],"isInner":false,"widgetType":"social-icons","elType":"widget"}],"isInner":true,"elType":"column"},{"id":"354fb501","settings":{"_column_size":25,"_inline_size":null,"background_color":"#FFFFFF","margin":{"unit":"px","top":"20","right":"20","bottom":"20","left":"20","isLinked":true},"padding":{"unit":"px","top":"0","right":"0","bottom":"0","left":"0","isLinked":true},"box_shadow_box_shadow":{"horizontal":0,"vertical":0,"blur":50,"spread":0,"color":"rgba(0, 0, 0, 0.08)"},"_inline_size_tablet":50,"margin_mobile":{"unit":"px","top":"40","right":"0","bottom":"0","left":"0","isLinked":false}},"elements":[{"id":"23519b2a","settings":{"image":{"id":457,"url":"http:\/\/localhost\/wordpress\/wp-content\/uploads\/2021\/07\/testimonial-1.jpg"},"title_text":"Jessica ray","description_text":"Food blogger","title_size":"h5","image_space":{"unit":"px","size":20,"sizes":[]},"image_size":{"unit":"%","size":90,"sizes":[]},"image_border_radius":{"unit":"px","size":0,"sizes":[]},"text_align":"left","title_bottom_space":{"unit":"px","size":0,"sizes":[]},"title_typography_typography":"custom","title_typography_font_weight":"bold","description_typography_typography":"custom","description_typography_font_size":{"unit":"px","size":15,"sizes":[]},"_margin":{"unit":"px","top":"0","right":"0","bottom":"-1","left":"0","isLinked":false},"image_size_tablet":{"unit":"%","size":100,"sizes":[]},"title_color":"#465258"},"elements":[],"isInner":false,"widgetType":"image-box","elType":"widget"},{"id":"a265223","settings":{"editor":"Lorem ipsum dolor sit amet, consec tetur adipiscing elit.","typography_typography":"custom","typography_font_size":{"unit":"px","size":14,"sizes":[]},"_margin":{"unit":"px","top":"0","right":"30","bottom":"0","left":"0","isLinked":false}},"elements":[],"isInner":false,"widgetType":"text-editor","elType":"widget"},{"id":"47d12b94","settings":{"social_icon_list":[{"social_icon":{"value":"fab fa-facebook","library":"fa-brands"},"_id":"7205a3a","link":{"url":"#","is_external":"true","nofollow":"","custom_attributes":""}},{"_id":"a3c239a","social_icon":{"value":"fab fa-linkedin","library":"fa-brands"},"link":{"url":"#","is_external":"true","nofollow":"","custom_attributes":""}},{"social_icon":{"value":"fab fa-instagram","library":"fa-brands"},"link":{"url":"#","is_external":"true","nofollow":"","custom_attributes":""},"_id":"6cb0333"}],"align":"","icon_primary_color":"#FFFFFF00","icon_secondary_color":"#808080","icon_size":{"unit":"px","size":12,"sizes":[]},"icon_padding":{"unit":"em","size":0.8,"sizes":[]},"icon_spacing":{"unit":"px","size":10,"sizes":[]},"image_border_width":{"unit":"px","top":"1","right":"1","bottom":"1","left":"1","isLinked":true},"image_border_color":"#808080","shape":"square"},"elements":[],"isInner":false,"widgetType":"social-icons","elType":"widget"}],"isInner":true,"elType":"column"},{"id":"401564c6","settings":{"_column_size":25,"_inline_size":null,"background_color":"#FFFFFF","margin":{"unit":"px","top":"20","right":"20","bottom":"20","left":"20","isLinked":true},"padding":{"unit":"px","top":"0","right":"0","bottom":"0","left":"0","isLinked":true},"box_shadow_box_shadow":{"horizontal":0,"vertical":0,"blur":50,"spread":0,"color":"rgba(0, 0, 0, 0.08)"},"_inline_size_tablet":50,"margin_mobile":{"unit":"px","top":"40","right":"0","bottom":"0","left":"0","isLinked":false}},"elements":[{"id":"260e8e71","settings":{"image":{"id":458,"url":"http:\/\/localhost\/wordpress\/wp-content\/uploads\/2021\/07\/testimonial-2.jpg"},"title_text":"Justin william","description_text":"CEO food nations","title_size":"h5","image_space":{"unit":"px","size":20,"sizes":[]},"image_size":{"unit":"%","size":90,"sizes":[]},"image_border_radius":{"unit":"px","size":0,"sizes":[]},"text_align":"left","title_bottom_space":{"unit":"px","size":0,"sizes":[]},"title_typography_typography":"custom","title_typography_font_weight":"bold","description_typography_typography":"custom","description_typography_font_size":{"unit":"px","size":15,"sizes":[]},"_margin":{"unit":"px","top":"0","right":"0","bottom":"-1","left":"0","isLinked":false},"image_size_tablet":{"unit":"%","size":100,"sizes":[]},"title_color":"#465258"},"elements":[],"isInner":false,"widgetType":"image-box","elType":"widget"},{"id":"23ab1fe2","settings":{"editor":"Lorem ipsum dolor sit amet, consec tetur adipiscing elit.","typography_typography":"custom","typography_font_size":{"unit":"px","size":14,"sizes":[]},"_margin":{"unit":"px","top":"0","right":"30","bottom":"0","left":"0","isLinked":false}},"elements":[],"isInner":false,"widgetType":"text-editor","elType":"widget"},{"id":"4c41ba09","settings":{"social_icon_list":[{"social_icon":{"value":"fab fa-facebook","library":"fa-brands"},"_id":"7205a3a","link":{"url":"#","is_external":"true","nofollow":"","custom_attributes":""}},{"_id":"a3c239a","social_icon":{"value":"fab fa-linkedin","library":"fa-brands"},"link":{"url":"#","is_external":"true","nofollow":"","custom_attributes":""}},{"social_icon":{"value":"fab fa-instagram","library":"fa-brands"},"link":{"url":"#","is_external":"true","nofollow":"","custom_attributes":""},"_id":"6cb0333"}],"align":"","icon_primary_color":"#FFFFFF00","icon_secondary_color":"#808080","icon_size":{"unit":"px","size":12,"sizes":[]},"icon_padding":{"unit":"em","size":0.8,"sizes":[]},"icon_spacing":{"unit":"px","size":10,"sizes":[]},"image_border_width":{"unit":"px","top":"1","right":"1","bottom":"1","left":"1","isLinked":true},"image_border_color":"#808080","shape":"square"},"elements":[],"isInner":false,"widgetType":"social-icons","elType":"widget"}],"isInner":true,"elType":"column"}],"isInner":true,"elType":"section"}],"isInner":false,"elType":"column"}],"isInner":false,"elType":"section"}],"settings":{"template":"default"},"metadata":{"site-sidebar-layout":"no-sidebar","site-content-layout":"page-builder","theme-transparent-header-meta":"default","site-post-title":"disabled","ast-title-bar-display":"disabled","ast-featured-img":"disabled"}}