{"content":[{"id":"30754256","settings":{"structure":"70","hide_tablet":"hidden-tablet","hide_mobile":"hidden-phone","layout":"full_width","background_background":"classic","background_color":"#FFFFFF","gap":"no","custom_height":{"unit":"px","size":0,"sizes":[]},"column_position":"top","content_position":"top","stretch_section":"section-stretched","margin":{"unit":"px","top":"4","right":0,"bottom":"0","left":0,"isLinked":false}},"elements":[{"id":"611f1034","settings":{"_column_size":14,"_inline_size":null},"elements":[{"id":"1446220d","settings":{"_margin":{"unit":"px","top":"0","right":"0","bottom":"0","left":"10","isLinked":false},"_padding":{"unit":"px","top":"0","right":"0","bottom":"0","left":"10","isLinked":false}},"elements":[],"isInner":false,"widgetType":"site-logo","elType":"widget"}],"isInner":false,"elType":"column"},{"id":"72ae4ca9","settings":{"_column_size":14,"_inline_size":null},"elements":[{"id":"78af55e7","settings":{"text":"Home","align":"center","button_text_color":"#020201","background_color":"#C5CFC200","size":"md","icon_indent":{"unit":"px","size":6,"sizes":[]},"typography_typography":"custom","typography_font_family":"Times New Roman","typography_font_size":{"unit":"px","size":23,"sizes":[]},"typography_font_weight":"500","typography_font_style":"normal","link":{"url":"http:\/\/localhost\/wordpress\/home-page-1\/","is_external":"on","nofollow":"","custom_attributes":""},"hover_animation":"shrink"},"elements":[],"isInner":false,"widgetType":"button","elType":"widget"}],"isInner":false,"elType":"column"},{"id":"606e5c0","settings":{"_column_size":14,"_inline_size":null},"elements":[{"id":"4801ce0a","settings":{"text":"About us","align":"center","button_text_color":"#020102","background_color":"#61CE7000","typography_typography":"custom","typography_font_family":"Times New Roman","typography_font_size":{"unit":"px","size":23,"sizes":[]},"typography_font_weight":"500","hover_animation":"shrink","link":{"url":"http:\/\/localhost\/wordpress\/about-us\/","is_external":"","nofollow":"","custom_attributes":""}},"elements":[],"isInner":false,"widgetType":"button","elType":"widget"}],"isInner":false,"elType":"column"},{"id":"414223ea","settings":{"_column_size":14,"_inline_size":null},"elements":[{"id":"bd0e39","settings":{"text":"Contact us","align":"center","button_text_color":"#070303","background_color":"#61CE7000","typography_typography":"custom","typography_font_family":"Times New Roman","typography_font_size":{"unit":"px","size":23,"sizes":[]},"typography_font_weight":"500","hover_animation":"shrink","link":{"url":"http:\/\/localhost\/wordpress\/contact-us\/","is_external":"","nofollow":"","custom_attributes":""}},"elements":[],"isInner":false,"widgetType":"button","elType":"widget"}],"isInner":false,"elType":"column"},{"id":"6227d49d","settings":{"_column_size":14,"_inline_size":null},"elements":[{"id":"1758e632","settings":{"text":"Blog","align":"center","button_text_color":"#0D0404","background_color":"#61CE7000","typography_typography":"custom","typography_font_family":"Times New Roman","typography_font_size":{"unit":"px","size":23,"sizes":[]},"typography_font_weight":"500","hover_animation":"shrink","link":{"url":"http:\/\/localhost\/wordpress\/blog\/","is_external":"","nofollow":"","custom_attributes":""}},"elements":[],"isInner":false,"widgetType":"button","elType":"widget"}],"isInner":false,"elType":"column"},{"id":"26054c99","settings":{"_column_size":14,"_inline_size":14.285},"elements":[{"id":"67aea15a","settings":{"placeholder":"Type & Hit Enter...","input_text_color":"#555965","input_background_color":"#F1FAFE"},"elements":[],"isInner":false,"widgetType":"hfe-search-button","elType":"widget"}],"isInner":false,"elType":"column"},{"id":"6f88e8b1","settings":{"_column_size":14,"_inline_size":14,"margin":{"unit":"px","top":"15","right":"15","bottom":"15","left":"15","isLinked":true},"space_between_widgets":20,"border_radius":{"unit":"px","top":"8","right":"0","bottom":"0","left":"0","isLinked":false}},"elements":[{"id":"4d7a3ec4","settings":{"title":"LOGIN","header_size":"h4","title_color":"#121414","typography_typography":"custom","typography_font_family":"Times New Roman","typography_font_weight":"600","_margin":{"unit":"px","top":"0","right":"0","bottom":"0","left":"0","isLinked":false},"_padding":{"unit":"px","top":"-14","right":"-14","bottom":"-14","left":"-14","isLinked":true}},"elements":[],"isInner":false,"widgetType":"heading","elType":"widget"},{"id":"5789434f","settings":{"text":"SIGN UP","background_color":"#5973C4","button_background_hover_color":"#A1D8F4","border_radius":{"unit":"px","top":"0","right":"0","bottom":"0","left":"0","isLinked":true},"_margin":{"unit":"px","top":"-48","right":"0","bottom":"0","left":"75","isLinked":false},"_padding":{"unit":"px","top":"-2","right":"-2","bottom":"-2","left":"-2","isLinked":true},"button_type":"info","size":"xs","icon_indent":{"unit":"px","size":2,"sizes":[]},"typography_typography":"custom","typography_font_family":"Roboto","typography_font_size":{"unit":"px","size":15,"sizes":[]},"typography_font_weight":"500"},"elements":[],"isInner":false,"widgetType":"button","elType":"widget"}],"isInner":false,"elType":"column"}],"isInner":false,"elType":"section"}],"settings":{"template":"default"},"metadata":{"ehf_target_include_locations":"a:2:{s:4:\"rule\";a:1:{i:0;s:12:\"basic-global\";}s:8:\"specific\";a:0:{}}","ehf_target_exclude_locations":"a:0:{}","ehf_target_user_roles":"a:1:{i:0;s:3:\"all\";}","ehf_template_type":"type_header","site-sidebar-layout":"no-sidebar","site-content-layout":"page-builder","theme-transparent-header-meta":"default","display-on-canvas-template":"1","site-post-title":"disabled","ast-title-bar-display":"disabled","ast-featured-img":"disabled"}}